organization,rows,positives,positive_rate,min_time,max_time
"ТОО ""Весенний Букет""",154,93,0.6038961038961039,2024-04-10 19:00:00,2026-02-24 13:30:00
"ТОО ""Алая Гвоздика""",155,0,0.0,2024-01-11 20:56:00,2026-02-23 19:55:00
"ТОО ""Алтын Бәйшешек""",155,0,0.0,2024-06-25 22:00:00,2026-02-21 15:00:00
"ТОО ""Алый Тюльпан""",155,0,0.0,2024-04-12 15:11:00,2026-02-24 14:00:00
"ТОО ""Ароматный Мирт""",155,0,0.0,1969-12-16 03:49:00,2026-02-25 22:38:00
"ТОО ""Белая Роза""",155,0,0.0,2024-01-11 19:55:00,2026-02-24 14:00:00
"ТОО ""Белоснежная Азалия""",155,0,0.0,2024-02-13 23:00:00,2026-02-23 15:53:00
"ТОО ""Белый Лотос KZ""",155,0,0.0,2024-02-14 23:46:00,2026-02-25 18:50:00
"ТОО ""Весенний Крокус""",155,0,0.0,2024-06-07 01:45:00,2026-02-21 20:30:00
"ТОО ""Весенний Пион""",155,0,0.0,2024-01-06 21:00:00,2026-02-23 19:50:00
"ТОО ""Гармония Лилий""",155,0,0.0,2024-03-12 14:55:00,2026-02-22 15:00:00
"ТОО ""Голубая Гортензия""",155,0,0.0,2024-01-05 19:00:00,2026-02-25 13:20:00
"ТОО ""Горная Эдельвейс""",155,0,0.0,2024-04-12 21:52:00,2026-02-23 21:37:00
"ТОО ""Грация Гортензии""",155,0,0.0,2024-02-07 14:25:00,2026-02-26 12:40:00
"ТОО ""Дикая Ромашка""",155,0,0.0,2024-04-17 20:55:00,2026-02-20 21:30:00
"ТОО ""Жемчужная Фрезия""",155,0,0.0,2024-06-12 15:44:00,2026-02-21 17:00:00
"ТОО ""Звёздный Амариллис""",155,0,0.0,2024-07-17 21:10:00,2026-02-21 23:32:00
"ТОО ""Золотая Лилия""",155,0,0.0,2024-04-09 15:45:00,2026-02-24 07:30:00
"ТОО ""Золотой Подсолнух""",155,0,0.0,2024-03-12 17:54:00,2026-02-23 14:00:00
"ТОО ""Изумрудный Папоротник""",155,0,0.0,1965-03-29 13:28:00,2026-02-21 21:00:00
"ТОО ""Имперская Орхидея""",155,0,0.0,2024-04-05 18:15:00,2026-02-25 16:10:00
"ТОО ""Каспийский Тюльпан""",155,0,0.0,2024-04-17 23:24:00,2026-02-21 01:27:00
"ТОО ""Кристальный Ирис""",155,0,0.0,2024-05-11 16:12:00,2026-02-25 16:10:00
"ТОО ""Көктем Гүлі""",155,0,0.0,2024-02-01 23:17:00,2026-02-21 16:00:00
"ТОО ""Лавандовый Рассвет""",155,0,0.0,2024-05-14 15:05:00,2026-02-21 15:12:00
"ТОО ""Лазурный Дельфиниум""",155,0,0.0,2024-01-04 20:00:00,2026-02-22 12:46:00
"ТОО ""Лепесток Удачи""",155,0,0.0,1988-04-23 15:49:00,2026-02-25 20:00:00
"ТОО ""Лесной Ландыш""",155,0,0.0,2024-01-17 23:19:00,2026-02-23 15:55:00
"ТОО ""Лунная Орхидея""",155,0,0.0,2024-08-15 19:10:00,2026-02-20 16:35:00
"ТОО ""Медовая Астра""",155,0,0.0,2024-05-15 15:42:00,2026-02-22 13:59:00
"ТОО ""Небесная Камелия""",155,0,0.0,2024-02-07 20:45:00,2026-02-18 23:24:00
"ТОО ""Нежная Фиалка""",155,0,0.0,2024-03-15 16:43:00,2026-02-23 14:35:00
"ТОО ""Ночная Лаванда""",155,0,0.0,2024-05-06 22:00:00,2026-02-23 15:00:00
"ТОО ""Огненная Георгина""",155,0,0.0,2024-07-15 18:04:00,2026-02-25 19:45:00
"ТОО ""Полевая Незабудка""",155,0,0.0,2024-06-07 17:30:00,2026-02-23 13:50:00
"ТОО ""Полевой Клевер""",155,0,0.0,2024-06-19 22:07:00,2026-02-22 15:00:00
"ТОО ""Пудровая Роза""",155,0,0.0,2024-03-04 21:31:00,2026-02-24 15:40:00
"ТОО ""Пурпурный Ирис""",155,0,0.0,2024-04-30 21:41:00,2026-02-23 14:40:00
"ТОО ""Розовый Флокс""",155,0,0.0,2024-01-16 23:39:00,2026-02-21 16:30:00
"ТОО ""Рубиновый Мак""",155,0,0.0,2024-02-13 22:58:00,2026-02-25 14:30:00
"ТОО ""Садовый Гиацинт""",155,0,0.0,2024-01-11 19:15:00,2026-02-25 18:50:00
"ТОО ""Сакура Плюс""",155,0,0.0,2024-01-26 23:07:00,2026-02-24 15:08:00
"ТОО ""Сафлоровый Рассвет""",155,0,0.0,2024-01-09 13:30:00,2026-02-22 13:00:00
"ТОО ""Северный Нарцисс""",155,0,0.0,2024-02-15 22:16:00,2026-02-25 16:00:00
"ТОО ""Серебряный Лотос""",155,0,0.0,2024-01-11 15:45:00,2026-02-24 20:00:00
"ТОО ""Синяя Орхидея""",155,0,0.0,2024-08-05 20:00:00,2026-02-24 20:39:00
"ТОО ""Сияющая Примула""",155,0,0.0,2024-05-20 20:10:00,2026-02-23 15:00:00
"ТОО ""Солнечный Подсолнух""",155,0,0.0,2024-04-17 20:47:00,2026-02-23 19:30:00
"ТОО ""Степная Роза""",155,0,0.0,2024-06-04 21:56:00,2026-02-23 21:43:00
"ТОО ""Степной Шалфей""",155,0,0.0,2024-01-10 20:00:00,2026-02-24 13:57:00
"ТОО ""Тайный Бутон""",155,0,0.0,2024-03-13 18:08:00,2026-12-21 01:53:00
"ТОО ""Таёжный Жасмин""",155,0,0.0,2024-06-18 21:49:00,2026-02-23 13:50:00
"ТОО ""Тихая Камелия""",155,0,0.0,2024-01-17 23:16:00,2026-02-23 15:00:00
"ТОО ""Цветочный Бриз""",155,0,0.0,2024-03-12 22:52:00,2026-02-25 21:15:00
"ТОО ""Цветущий Миндаль""",155,0,0.0,2024-03-12 14:44:00,2026-02-25 13:00:00
"ТОО ""Цветущий Олеандр""",155,0,0.0,2024-02-15 22:20:00,2026-02-26 15:30:00
"ТОО ""Шёлковый Пион""",155,0,0.0,2024-06-19 22:09:00,2026-02-25 15:45:00
"ТОО ""Южная Магнолия""",155,0,0.0,2024-01-06 20:00:00,2026-02-23 13:50:00
"ТОО ""Янтарная Хризантема""",155,0,0.0,2024-01-17 23:12:00,2026-02-25 14:37:00
"ТОО ""Японская Сакура""",155,0,0.0,2024-02-05 19:00:00,2026-02-19 21:00:00
"ТОО ""Ясный Василёк""",155,0,0.0,2024-04-11 20:15:00,2026-02-24 21:47:00
"ТОО ""Бархатный Тюльпан""",154,0,0.0,2024-04-18 21:39:00,2026-02-23 15:40:00
"ТОО ""Рассветная Лаванда""",154,0,0.0,2024-03-11 21:34:00,2026-02-26 15:15:00
"ТОО ""Флора Капитал""",154,0,0.0,2024-01-05 12:00:00,2026-02-23 15:40:00
