organization,observation_type,observation_category,rows,positives,positive_rate,min_time,max_time
"ТОО ""Весенний Букет""",good_practice,Прочее,3,3,1.0,2025-11-28 15:10:00,2026-01-16 01:04:00
"ТОО ""Весенний Букет""",unsafe_behavior,СИЗ / Средства по обеспечению безопасности,3,3,1.0,2025-05-27 20:30:00,2025-09-06 14:40:00
"ТОО ""Весенний Букет""",good_practice,"Вождение, Трубопроводы / Подземные коммуникации, Наряд-допуск / Оценка риска",2,2,1.0,2025-05-26 03:10:00,2025-05-26 19:27:00
"ТОО ""Весенний Букет""",good_practice,Наряд-допуск / Оценка риска,2,2,1.0,2025-10-07 16:15:00,2026-01-10 16:41:00
"ТОО ""Весенний Букет""",other,Рабочее место / Эргономика,2,2,1.0,2025-06-23 16:10:00,2025-07-28 14:59:00
"ТОО ""Весенний Букет""",unsafe_condition,Трубопроводы / Подземные коммуникации,2,2,1.0,2025-06-26 15:26:00,2025-11-25 20:02:00
"ТОО ""Весенний Букет""",danger_factor,Опасные вещества/сероводород,1,1,1.0,2025-08-31 20:22:00,2025-08-31 20:22:00
"ТОО ""Весенний Букет""",danger_factor,Опасные природные явления / Погодные условия,1,1,1.0,2025-12-10 14:00:00,2025-12-10 14:00:00
"ТОО ""Весенний Букет""",danger_factor,Работы на высоте / Строительные леса,1,1,1.0,2025-08-29 15:20:00,2025-08-29 15:20:00
"ТОО ""Весенний Букет""",danger_factor,Целостность объекта / Оборудования,1,1,1.0,2025-11-21 16:00:00,2025-11-21 16:00:00
"ТОО ""Весенний Букет""",danger_factor,"Целостность объекта / Оборудования, Падающие предметы",1,1,1.0,2025-10-15 14:00:00,2025-10-15 14:00:00
"ТОО ""Весенний Букет""",good_practice,"Наряд-допуск / Оценка риска, Целостность объекта / Оборудования",1,1,1.0,2025-10-01 19:47:00,2025-10-01 19:47:00
"ТОО ""Весенний Букет""",good_practice,"Поддержание чистоты и порядка, Вождение",1,1,1.0,2025-10-02 20:33:00,2025-10-02 20:33:00
"ТОО ""Весенний Букет""",good_practice,"Поддержание чистоты и порядка, Выполнение требований инструкций, СИЗ / Средства по обеспечению безопасности",1,1,1.0,2025-12-08 14:30:00,2025-12-08 14:30:00
"ТОО ""Весенний Букет""",good_practice,"Поддержание чистоты и порядка, Наряд-допуск / Оценка риска",1,1,1.0,2025-11-23 11:49:00,2025-11-23 11:49:00
"ТОО ""Весенний Букет""",good_practice,Санитарно-бытовые помещения,1,1,1.0,2025-07-29 16:35:00,2025-07-29 16:35:00
"ТОО ""Весенний Букет""",good_practice,"Трубопроводы / Подземные коммуникации, Вождение",1,1,1.0,2025-10-08 11:38:00,2025-10-08 11:38:00
"ТОО ""Весенний Букет""",good_practice,"Целостность объекта / Оборудования, Наряд-допуск / Оценка риска",1,1,1.0,2025-07-02 19:14:00,2025-07-02 19:14:00
"ТОО ""Весенний Букет""",other,"Выполнение требований инструкций, Целостность объекта / Оборудования",1,1,1.0,2025-07-20 15:07:00,2025-07-20 15:07:00
"ТОО ""Весенний Букет""",other,Поддержание чистоты и порядка,1,1,1.0,2026-01-22 19:18:00,2026-01-22 19:18:00
"ТОО ""Весенний Букет""",other,"Работы на высоте / Строительные леса, СИЗ / Средства по обеспечению безопасности",1,1,1.0,2025-10-06 19:37:00,2025-10-06 19:37:00
"ТОО ""Весенний Букет""",other,"СИЗ / Средства по обеспечению безопасности, Земляные работы, Трубопроводы / Подземные коммуникации",1,1,1.0,2025-11-19 20:40:00,2025-11-19 20:40:00
"ТОО ""Весенний Букет""",other,Целостность объекта / Оборудования,1,1,1.0,2025-10-10 21:49:00,2025-10-10 21:49:00
"ТОО ""Весенний Букет""",unsafe_action,"Вождение, Выполнение требований инструкций, СИЗ / Средства по обеспечению безопасности",1,1,1.0,2025-11-26 13:10:00,2025-11-26 13:10:00
"ТОО ""Весенний Букет""",unsafe_action,"Выполнение требований инструкций, Сварка / Шлифовка / Отжиг, СИЗ / Средства по обеспечению безопасности",1,1,1.0,2025-10-15 15:05:00,2025-10-15 15:05:00
"ТОО ""Весенний Букет""",unsafe_action,"Знаки безопасности / Предупредительные таблички, Вывешивание плакатов",1,1,1.0,2025-11-24 20:10:00,2025-11-24 20:10:00
"ТОО ""Весенний Букет""",unsafe_action,Охрана окружающей среды,1,1,1.0,2025-09-02 23:00:00,2025-09-02 23:00:00
"ТОО ""Весенний Букет""",unsafe_action,Проскальзывание / Спотыкание / Падение,1,1,1.0,2025-12-01 15:07:00,2025-12-01 15:07:00
"ТОО ""Весенний Букет""",unsafe_action,"Проскальзывание / Спотыкание / Падение, Выполнение требований инструкций",1,1,1.0,2025-07-09 14:23:00,2025-07-09 14:23:00
"ТОО ""Весенний Букет""",unsafe_action,"Проскальзывание / Спотыкание / Падение, Опасные природные явления / Погодные условия",1,1,1.0,2026-01-26 14:20:00,2026-01-26 14:20:00
"ТОО ""Весенний Букет""",unsafe_action,Прочее,1,1,1.0,2026-02-10 20:40:00,2026-02-10 20:40:00
"ТОО ""Весенний Букет""",unsafe_action,"Работы в замкнутом пространстве, Выполнение требований инструкций, СИЗ / Средства по обеспечению безопасности",1,1,1.0,2026-01-14 19:00:00,2026-01-14 19:00:00
"ТОО ""Весенний Букет""",unsafe_action,"Работы на высоте / Строительные леса, СИЗ / Средства по обеспечению безопасности",1,1,1.0,2025-08-16 20:48:00,2025-08-16 20:48:00
"ТОО ""Весенний Букет""",unsafe_action,"СИЗ / Средства по обеспечению безопасности, Выполнение требований инструкций",1,1,1.0,2025-12-12 13:50:00,2025-12-12 13:50:00
"ТОО ""Весенний Букет""",unsafe_action,"СИЗ / Средства по обеспечению безопасности, Наряд-допуск / Оценка риска",1,1,1.0,2025-12-02 13:40:00,2025-12-02 13:40:00
"ТОО ""Весенний Букет""",unsafe_action,Электрооборудование,1,1,1.0,2026-01-26 18:10:00,2026-01-26 18:10:00
"ТОО ""Весенний Букет""",unsafe_behavior,Взрыво- и пожароопасность,1,1,1.0,2026-01-28 15:20:00,2026-01-28 15:20:00
"ТОО ""Весенний Букет""",unsafe_behavior,Испытание под давлением,1,1,1.0,2025-10-08 17:35:00,2025-10-08 17:35:00
"ТОО ""Весенний Букет""",unsafe_behavior,"Поддержание чистоты и порядка, Машины и оборудование",1,1,1.0,2025-08-26 15:16:00,2025-08-26 15:16:00
"ТОО ""Весенний Букет""",unsafe_behavior,Прочее,1,1,1.0,2025-08-18 13:52:00,2025-08-18 13:52:00
"ТОО ""Весенний Букет""",unsafe_behavior,"Работы в замкнутом пространстве, Выполнение требований инструкций, Наряд-допуск / Оценка риска",1,1,1.0,2025-12-09 14:40:00,2025-12-09 14:40:00
"ТОО ""Весенний Букет""",unsafe_behavior,Работы на высоте / Строительные леса,1,1,1.0,2025-11-24 13:37:00,2025-11-24 13:37:00
"ТОО ""Весенний Букет""",unsafe_behavior,Рабочее место / Эргономика,1,1,1.0,2025-06-28 15:33:00,2025-06-28 15:33:00
"ТОО ""Весенний Букет""",unsafe_behavior,Электрооборудование,1,1,1.0,2025-07-28 22:02:00,2025-07-28 22:02:00
"ТОО ""Весенний Букет""",unsafe_condition,Аварийное реагирование / Готовность к ЧС,1,1,1.0,2025-12-13 15:35:00,2025-12-13 15:35:00
"ТОО ""Весенний Букет""",unsafe_condition,Вождение,1,1,1.0,2025-05-26 14:42:00,2025-05-26 14:42:00
"ТОО ""Весенний Букет""",unsafe_condition,Знаки безопасности / Предупредительные таблички,1,1,1.0,2025-11-29 20:51:00,2025-11-29 20:51:00
"ТОО ""Весенний Букет""",unsafe_condition,Испытание под давлением,1,1,1.0,2025-08-20 16:00:00,2025-08-20 16:00:00
"ТОО ""Весенний Букет""",unsafe_condition,"Поддержание чистоты и порядка, Охрана окружающей среды",1,1,1.0,2026-02-08 15:20:00,2026-02-08 15:20:00
"ТОО ""Весенний Букет""",unsafe_condition,"Проскальзывание / Спотыкание / Падение, Опасные природные явления / Погодные условия",1,1,1.0,2026-02-11 15:40:00,2026-02-11 15:40:00
"ТОО ""Весенний Букет""",unsafe_condition,"Работы в замкнутом пространстве, Выполнение требований инструкций",1,1,1.0,2025-08-11 13:30:00,2025-08-11 13:30:00
"ТОО ""Весенний Букет""",unsafe_condition,"Целостность объекта / Оборудования, Выполнение требований инструкций",1,1,1.0,2025-05-22 15:30:00,2025-05-22 15:30:00
"ТОО ""Весенний Букет""",unsafe_condition,"Целостность объекта / Оборудования, Переносное оборудование / Ручные инструменты, Электрооборудование",1,1,1.0,2025-12-11 16:15:00,2025-12-11 16:15:00
"ТОО ""Весенний Букет""",unsafe_condition,"Электрооборудование, Рабочее место / Эргономика",1,1,1.0,2025-05-15 16:01:00,2025-05-15 16:01:00
"ТОО ""Весенний Букет""",unsafe_condition,Падающие предметы,4,3,0.75,2025-07-31 15:00:00,2026-01-09 18:40:00
"ТОО ""Весенний Букет""",good_practice,Выполнение требований инструкций,3,2,0.6666666666666666,2025-04-08 14:01:00,2025-08-22 14:37:00
"ТОО ""Весенний Букет""",unsafe_behavior,Поддержание чистоты и порядка,3,2,0.6666666666666666,2025-07-28 13:34:00,2025-09-25 19:20:00
"ТОО ""Весенний Букет""",unsafe_action,Машины и оборудование,5,3,0.6,2025-04-11 15:38:00,2025-07-20 06:02:00
"ТОО ""Весенний Букет""",unsafe_condition,Проскальзывание / Спотыкание / Падение,5,3,0.6,2024-10-24 17:18:00,2025-12-18 15:15:00
"ТОО ""Весенний Букет""",unsafe_condition,Электрооборудование,6,3,0.5,2025-06-04 19:09:00,2026-02-04 00:41:00
"ТОО ""Весенний Букет""",good_practice,Монтажные и грузоподъемные работы,4,2,0.5,2025-05-10 15:12:00,2026-01-20 13:00:00
"ТОО ""Весенний Букет""",unsafe_action,СИЗ / Средства по обеспечению безопасности,4,2,0.5,2025-06-05 21:38:00,2025-12-06 16:30:00
"ТОО ""Весенний Букет""",good_practice,Вывешивание плакатов,2,1,0.5,2025-08-10 14:27:00,2025-09-15 15:20:00
"ТОО ""Весенний Букет""",good_practice,Знаки безопасности / Предупредительные таблички,2,1,0.5,2025-04-15 15:00:00,2025-12-11 17:05:00
"ТОО ""Весенний Букет""",good_practice,Поддержание чистоты и порядка,2,1,0.5,2025-06-05 18:35:00,2025-07-15 21:00:00
"ТОО ""Весенний Букет""",unsafe_action,Вождение,2,1,0.5,2025-10-01 13:15:00,2025-11-29 00:45:00
"ТОО ""Весенний Букет""",unsafe_action,Знаки безопасности / Предупредительные таблички,2,1,0.5,2025-07-21 17:49:00,2025-10-29 20:07:00
"ТОО ""Весенний Букет""",unsafe_behavior,Выполнение требований инструкций,2,1,0.5,2025-10-13 14:20:00,2025-10-30 19:52:00
"ТОО ""Весенний Букет""",unsafe_condition,Машины и оборудование,2,1,0.5,2025-03-06 15:10:00,2025-11-28 15:30:00
"ТОО ""Весенний Букет""",unsafe_condition,"Охрана окружающей среды, Поддержание чистоты и порядка",2,1,0.5,2025-04-19 16:15:00,2025-07-14 21:50:00
"ТОО ""Весенний Букет""",unsafe_condition,Рабочее место / Эргономика,2,1,0.5,2025-06-04 15:25:00,2025-11-21 21:04:00
"ТОО ""Весенний Букет""",unsafe_condition,"Целостность объекта / Оборудования, Падающие предметы",2,1,0.5,2024-09-16 22:53:00,2025-07-25 21:28:00
"ТОО ""Весенний Букет""",danger_factor,Электрооборудование,3,1,0.3333333333333333,2025-03-20 16:00:00,2025-08-14 15:40:00
"ТОО ""Имперская Орхидея""",unsafe_action,СИЗ / Средства по обеспечению безопасности,10,0,0.0,2025-04-09 21:40:00,2026-02-20 16:00:00
"ТОО ""Пурпурный Ирис""",unsafe_action,СИЗ / Средства по обеспечению безопасности,10,0,0.0,2025-05-30 15:30:00,2026-02-19 21:00:00
"ТОО ""Алая Гвоздика""",unsafe_behavior,СИЗ / Средства по обеспечению безопасности,9,0,0.0,2025-05-06 20:33:00,2026-01-20 22:31:00
"ТОО ""Грация Гортензии""",unsafe_condition,Рабочее место / Эргономика,9,0,0.0,2024-02-07 14:25:00,2025-11-24 19:00:00
"ТОО ""Голубая Гортензия""",unsafe_behavior,СИЗ / Средства по обеспечению безопасности,8,0,0.0,2025-07-18 16:00:00,2025-11-20 20:05:00
"ТОО ""Дикая Ромашка""",unsafe_action,СИЗ / Средства по обеспечению безопасности,8,0,0.0,2025-05-06 20:00:00,2026-02-20 21:30:00
"ТОО ""Звёздный Амариллис""",unsafe_condition,Электрооборудование,8,0,0.0,2025-01-20 16:46:00,2025-12-13 15:10:00
"ТОО ""Золотая Лилия""",unsafe_action,СИЗ / Средства по обеспечению безопасности,8,0,0.0,2025-04-24 17:08:00,2025-09-12 15:15:00
"ТОО ""Лунная Орхидея""",unsafe_action,СИЗ / Средства по обеспечению безопасности,8,0,0.0,2025-07-16 14:00:00,2025-12-17 20:25:00
"ТОО ""Огненная Георгина""",unsafe_action,СИЗ / Средства по обеспечению безопасности,8,0,0.0,2025-07-05 22:00:00,2026-02-04 20:49:00
"ТОО ""Полевая Незабудка""",unsafe_behavior,СИЗ / Средства по обеспечению безопасности,8,0,0.0,2025-09-25 15:30:00,2026-02-16 20:30:00
"ТОО ""Рассветная Лаванда""",unsafe_condition,Электрооборудование,8,0,0.0,2025-05-10 14:00:00,2026-02-17 15:00:00
"ТОО ""Садовый Гиацинт""",unsafe_condition,Проскальзывание / Спотыкание / Падение,8,0,0.0,2024-02-14 23:46:00,2026-01-29 19:57:00
"ТОО ""Сакура Плюс""",unsafe_action,СИЗ / Средства по обеспечению безопасности,8,0,0.0,2025-05-20 16:05:00,2025-12-13 20:20:00
"ТОО ""Сафлоровый Рассвет""",unsafe_action,СИЗ / Средства по обеспечению безопасности,8,0,0.0,2025-06-07 13:30:00,2026-01-20 16:00:00
"ТОО ""Сияющая Примула""",unsafe_condition,Проскальзывание / Спотыкание / Падение,8,0,0.0,2024-05-20 20:10:00,2026-02-11 14:18:00
"ТОО ""Флора Капитал""",unsafe_condition,Проскальзывание / Спотыкание / Падение,8,0,0.0,2024-07-29 17:08:00,2026-01-12 15:30:00
"ТОО ""Цветочный Бриз""",unsafe_condition,Проскальзывание / Спотыкание / Падение,8,0,0.0,2024-03-12 22:52:00,2026-02-18 20:02:00
"ТОО ""Шёлковый Пион""",unsafe_condition,Проскальзывание / Спотыкание / Падение,8,0,0.0,2024-09-11 16:45:00,2026-02-16 14:32:00
"ТОО ""Ясный Василёк""",unsafe_condition,Проскальзывание / Спотыкание / Падение,8,0,0.0,2024-06-17 20:59:00,2025-12-17 15:00:00
"ТОО ""Алый Тюльпан""",unsafe_condition,Рабочее место / Эргономика,7,0,0.0,2024-04-12 15:11:00,2025-11-21 21:09:00
"ТОО ""Бархатный Тюльпан""",unsafe_action,СИЗ / Средства по обеспечению безопасности,7,0,0.0,2025-06-21 15:00:00,2026-02-19 17:21:00
"ТОО ""Белая Роза""",unsafe_action,СИЗ / Средства по обеспечению безопасности,7,0,0.0,2025-05-27 21:00:00,2025-12-17 16:10:00
"ТОО ""Белая Роза""",unsafe_condition,Рабочее место / Эргономика,7,0,0.0,2024-03-03 22:39:00,2025-12-02 15:00:00
"ТОО ""Весенний Крокус""",unsafe_action,СИЗ / Средства по обеспечению безопасности,7,0,0.0,2025-06-23 20:00:00,2025-11-07 20:41:00
"ТОО ""Грация Гортензии""",unsafe_action,СИЗ / Средства по обеспечению безопасности,7,0,0.0,2025-05-16 16:50:00,2026-02-18 15:30:00
"ТОО ""Лавандовый Рассвет""",unsafe_condition,Рабочее место / Эргономика,7,0,0.0,2024-12-12 16:45:00,2026-01-11 15:31:00
"ТОО ""Лепесток Удачи""",unsafe_action,СИЗ / Средства по обеспечению безопасности,7,0,0.0,2025-06-24 16:15:00,2026-02-18 16:00:00
"ТОО ""Лесной Ландыш""",unsafe_action,СИЗ / Средства по обеспечению безопасности,7,0,0.0,2025-05-27 16:10:00,2026-02-23 15:55:00
"ТОО ""Лесной Ландыш""",unsafe_behavior,СИЗ / Средства по обеспечению безопасности,7,0,0.0,2025-04-03 15:30:00,2025-12-22 14:30:00
"ТОО ""Ночная Лаванда""",unsafe_condition,Проскальзывание / Спотыкание / Падение,7,0,0.0,2024-09-18 22:29:00,2025-10-17 19:46:00
"ТОО ""Пудровая Роза""",unsafe_behavior,СИЗ / Средства по обеспечению безопасности,7,0,0.0,2025-01-09 20:13:00,2025-10-30 16:00:00
"ТОО ""Серебряный Лотос""",unsafe_behavior,СИЗ / Средства по обеспечению безопасности,7,0,0.0,2025-02-07 15:24:00,2026-02-05 15:30:00
"ТОО ""Сияющая Примула""",unsafe_action,СИЗ / Средства по обеспечению безопасности,7,0,0.0,2025-07-07 20:05:00,2026-02-20 16:00:00
"ТОО ""Степной Шалфей""",unsafe_condition,Электрооборудование,7,0,0.0,2024-07-08 14:30:00,2025-10-15 14:15:00
"ТОО ""Тайный Бутон""",unsafe_action,СИЗ / Средства по обеспечению безопасности,7,0,0.0,2025-06-24 20:30:00,2026-01-18 14:00:00
"ТОО ""Тихая Камелия""",unsafe_action,СИЗ / Средства по обеспечению безопасности,7,0,0.0,2025-04-07 20:30:00,2025-11-07 15:00:00
"ТОО ""Шёлковый Пион""",unsafe_action,СИЗ / Средства по обеспечению безопасности,7,0,0.0,2025-05-26 21:11:00,2026-01-25 16:15:00
"ТОО ""Южная Магнолия""",unsafe_action,СИЗ / Средства по обеспечению безопасности,7,0,0.0,2025-05-10 20:10:00,2026-02-16 19:10:00
"ТОО ""Янтарная Хризантема""",unsafe_action,СИЗ / Средства по обеспечению безопасности,7,0,0.0,2025-07-09 14:45:00,2025-12-22 15:10:00
"ТОО ""Янтарная Хризантема""",unsafe_condition,Проскальзывание / Спотыкание / Падение,7,0,0.0,2024-01-17 23:12:00,2025-10-30 13:50:00
"ТОО ""Алая Гвоздика""",unsafe_condition,Проскальзывание / Спотыкание / Падение,6,0,0.0,2024-11-07 18:07:00,2026-01-16 16:00:00
"ТОО ""Алая Гвоздика""",unsafe_condition,Электрооборудование,6,0,0.0,2025-02-14 20:20:00,2026-02-19 22:01:00
"ТОО ""Ароматный Мирт""",unsafe_condition,Поддержание чистоты и порядка,6,0,0.0,2025-04-25 19:15:00,2025-11-05 21:12:00
"ТОО ""Белая Роза""",unsafe_behavior,СИЗ / Средства по обеспечению безопасности,6,0,0.0,2025-04-21 15:36:00,2025-12-05 16:00:00
"ТОО ""Белая Роза""",unsafe_condition,Проскальзывание / Спотыкание / Падение,6,0,0.0,2024-01-11 19:55:00,2026-02-23 13:48:00
"ТОО ""Белоснежная Азалия""",unsafe_behavior,СИЗ / Средства по обеспечению безопасности,6,0,0.0,2025-04-18 14:22:00,2026-02-11 20:00:00
"ТОО ""Весенний Пион""",unsafe_action,СИЗ / Средства по обеспечению безопасности,6,0,0.0,2025-06-25 15:45:00,2025-12-01 15:00:00
"ТОО ""Горная Эдельвейс""",unsafe_behavior,СИЗ / Средства по обеспечению безопасности,6,0,0.0,2025-09-03 20:12:00,2026-01-16 16:40:00
"ТОО ""Грация Гортензии""",unsafe_behavior,СИЗ / Средства по обеспечению безопасности,6,0,0.0,2025-06-26 15:20:00,2025-12-17 21:10:00
"ТОО ""Жемчужная Фрезия""",unsafe_behavior,СИЗ / Средства по обеспечению безопасности,6,0,0.0,2025-07-01 14:45:00,2026-02-10 12:39:00
"ТОО ""Звёздный Амариллис""",good_practice,Прочее,6,0,0.0,2025-05-05 14:40:00,2025-11-30 13:35:00
"ТОО ""Золотая Лилия""",unsafe_condition,Проскальзывание / Спотыкание / Падение,6,0,0.0,2024-04-09 15:45:00,2026-01-28 14:30:00
"ТОО ""Золотой Подсолнух""",other,Поддержание чистоты и порядка,6,0,0.0,2025-05-03 16:33:00,2025-12-04 16:00:00
"ТОО ""Изумрудный Папоротник""",unsafe_condition,Поддержание чистоты и порядка,6,0,0.0,2025-04-11 14:00:00,2025-11-04 15:00:00
"ТОО ""Кристальный Ирис""",unsafe_condition,Рабочее место / Эргономика,6,0,0.0,2025-01-23 19:13:00,2026-01-16 00:28:00
"ТОО ""Көктем Гүлі""",unsafe_action,СИЗ / Средства по обеспечению безопасности,6,0,0.0,2025-05-15 15:30:00,2026-02-12 19:51:00
"ТОО ""Лавандовый Рассвет""",unsafe_action,СИЗ / Средства по обеспечению безопасности,6,0,0.0,2025-06-13 14:25:00,2025-11-28 20:20:00
"ТОО ""Лазурный Дельфиниум""",good_practice,СИЗ / Средства по обеспечению безопасности,6,0,0.0,2025-08-21 15:30:00,2025-12-23 19:00:00
"ТОО ""Лазурный Дельфиниум""",unsafe_condition,Проскальзывание / Спотыкание / Падение,6,0,0.0,2025-06-13 22:40:00,2025-12-19 15:18:00
"ТОО ""Медовая Астра""",unsafe_behavior,СИЗ / Средства по обеспечению безопасности,6,0,0.0,2025-10-08 15:55:00,2026-02-05 21:15:00
"ТОО ""Небесная Камелия""",unsafe_condition,Проскальзывание / Спотыкание / Падение,6,0,0.0,2024-08-13 19:23:00,2026-02-18 23:24:00
"ТОО ""Ночная Лаванда""",unsafe_behavior,СИЗ / Средства по обеспечению безопасности,6,0,0.0,2025-05-21 14:00:00,2025-11-21 16:40:00
"ТОО ""Огненная Георгина""",unsafe_condition,Проскальзывание / Спотыкание / Падение,6,0,0.0,2024-08-07 10:46:00,2026-01-27 17:05:00
"ТОО ""Полевая Незабудка""",unsafe_action,СИЗ / Средства по обеспечению безопасности,6,0,0.0,2025-05-16 19:45:00,2026-02-10 16:00:00
"ТОО ""Полевая Незабудка""",unsafe_condition,Проскальзывание / Спотыкание / Падение,6,0,0.0,2024-06-07 17:30:00,2025-07-29 19:30:00
"ТОО ""Полевой Клевер""",unsafe_condition,Проскальзывание / Спотыкание / Падение,6,0,0.0,2024-08-07 10:46:00,2025-11-18 14:07:00
"ТОО ""Пудровая Роза""",other,Рабочее место / Эргономика,6,0,0.0,2025-05-08 16:00:00,2025-11-12 15:00:00
"ТОО ""Розовый Флокс""",good_practice,Наряд-допуск / Оценка риска,6,0,0.0,2025-05-27 15:09:00,2026-02-03 01:07:00
"ТОО ""Садовый Гиацинт""",unsafe_behavior,СИЗ / Средства по обеспечению безопасности,6,0,0.0,2025-08-19 15:00:00,2025-11-23 21:55:00
"ТОО ""Сакура Плюс""",unsafe_condition,Проскальзывание / Спотыкание / Падение,6,0,0.0,2024-12-12 23:26:00,2026-02-21 19:30:00
"ТОО ""Серебряный Лотос""",unsafe_condition,Проскальзывание / Спотыкание / Падение,6,0,0.0,2024-01-11 15:45:00,2026-01-08 13:10:00
"ТОО ""Серебряный Лотос""",unsafe_condition,Электрооборудование,6,0,0.0,2025-03-19 14:57:00,2025-12-19 16:35:00
"ТОО ""Степная Роза""",unsafe_behavior,СИЗ / Средства по обеспечению безопасности,6,0,0.0,2025-06-02 14:43:00,2025-12-17 15:00:00
"ТОО ""Степной Шалфей""",unsafe_behavior,СИЗ / Средства по обеспечению безопасности,6,0,0.0,2025-07-01 15:30:00,2025-12-17 21:10:00
"ТОО ""Степной Шалфей""",unsafe_condition,Проскальзывание / Спотыкание / Падение,6,0,0.0,2024-01-10 20:00:00,2026-01-20 14:00:00
"ТОО ""Тайный Бутон""",unsafe_condition,Проскальзывание / Спотыкание / Падение,6,0,0.0,2025-05-19 02:40:00,2026-01-26 15:45:00
"ТОО ""Тайный Бутон""",unsafe_condition,Целостность объекта / Оборудования,6,0,0.0,2024-03-13 18:08:00,2025-08-30 01:56:00
"ТОО ""Тихая Камелия""",unsafe_behavior,СИЗ / Средства по обеспечению безопасности,6,0,0.0,2025-07-24 14:10:00,2026-01-15 21:32:00
"ТОО ""Флора Капитал""",unsafe_action,СИЗ / Средства по обеспечению безопасности,6,0,0.0,2025-08-30 20:32:00,2025-12-25 15:18:00
"ТОО ""Цветочный Бриз""",unsafe_behavior,СИЗ / Средства по обеспечению безопасности,6,0,0.0,2025-08-08 15:50:00,2026-01-15 16:00:00
"ТОО ""Цветочный Бриз""",unsafe_condition,Поддержание чистоты и порядка,6,0,0.0,2025-01-14 15:40:00,2025-11-23 23:44:00
"ТОО ""Цветущий Миндаль""",good_practice,Прочее,6,0,0.0,2025-07-27 04:14:00,2026-01-21 01:51:00
"ТОО ""Янтарная Хризантема""",unsafe_condition,Электрооборудование,6,0,0.0,2025-01-29 16:15:00,2025-09-02 19:10:00
"ТОО ""Ясный Василёк""",unsafe_condition,Рабочее место / Эргономика,6,0,0.0,2024-12-10 23:05:00,2026-02-06 12:00:00
"ТОО ""Алая Гвоздика""",good_practice,Поддержание чистоты и порядка,5,0,0.0,2025-06-05 16:40:00,2026-02-02 19:00:00
"ТОО ""Алая Гвоздика""",unsafe_action,СИЗ / Средства по обеспечению безопасности,5,0,0.0,2025-05-16 15:09:00,2025-12-23 02:00:00
"ТОО ""Алтын Бәйшешек""",unsafe_action,СИЗ / Средства по обеспечению безопасности,5,0,0.0,2025-05-31 14:00:00,2025-11-28 15:00:00
"ТОО ""Ароматный Мирт""",unsafe_behavior,Вождение,5,0,0.0,2025-05-06 14:30:00,2025-12-24 14:47:00
"ТОО ""Бархатный Тюльпан""",unsafe_behavior,СИЗ / Средства по обеспечению безопасности,5,0,0.0,2025-10-16 14:24:00,2026-02-04 16:00:00
"ТОО ""Бархатный Тюльпан""",unsafe_condition,Проскальзывание / Спотыкание / Падение,5,0,0.0,2024-06-14 19:54:00,2026-01-05 21:00:00
"ТОО ""Белая Роза""",good_practice,СИЗ / Средства по обеспечению безопасности,5,0,0.0,2025-10-24 19:50:00,2026-02-18 19:29:00
"ТОО ""Белая Роза""",unsafe_condition,Охрана окружающей среды,5,0,0.0,2025-05-04 14:00:00,2025-10-27 23:00:00
"ТОО ""Белоснежная Азалия""",other,Рабочее место / Эргономика,5,0,0.0,2025-06-23 14:43:00,2025-11-12 15:00:00
"ТОО ""Белоснежная Азалия""",unsafe_condition,Проскальзывание / Спотыкание / Падение,5,0,0.0,2024-05-10 20:23:00,2026-01-18 14:30:00
"ТОО ""Белый Лотос KZ""",unsafe_condition,Проскальзывание / Спотыкание / Падение,5,0,0.0,2024-02-14 23:46:00,2026-02-07 01:40:00
"ТОО ""Весенний Крокус""",unsafe_behavior,СИЗ / Средства по обеспечению безопасности,5,0,0.0,2025-01-05 19:35:00,2026-01-21 15:30:00
"ТОО ""Весенний Крокус""",unsafe_condition,Проскальзывание / Спотыкание / Падение,5,0,0.0,2024-06-07 01:45:00,2026-01-25 02:02:00
"ТОО ""Весенний Пион""",unsafe_condition,Рабочее место / Эргономика,5,0,0.0,2025-05-25 18:00:00,2025-10-24 22:08:00
"ТОО ""Гармония Лилий""",good_practice,Прочее,5,0,0.0,2025-07-04 16:29:00,2025-11-25 03:35:00
"ТОО ""Гармония Лилий""",unsafe_action,Выполнение требований инструкций,5,0,0.0,2025-04-23 15:20:00,2025-11-27 16:00:00
"ТОО ""Гармония Лилий""",unsafe_action,СИЗ / Средства по обеспечению безопасности,5,0,0.0,2025-07-25 15:30:00,2026-02-19 19:50:00
"ТОО ""Гармония Лилий""",unsafe_condition,Проскальзывание / Спотыкание / Падение,5,0,0.0,2024-03-12 14:55:00,2026-02-11 13:45:00
"ТОО ""Голубая Гортензия""",unsafe_action,СИЗ / Средства по обеспечению безопасности,5,0,0.0,2025-09-08 20:30:00,2026-01-19 23:11:00
"ТОО ""Голубая Гортензия""",unsafe_condition,Проскальзывание / Спотыкание / Падение,5,0,0.0,2024-01-05 19:00:00,2025-09-10 21:00:00
"ТОО ""Горная Эдельвейс""",unsafe_action,СИЗ / Средства по обеспечению безопасности,5,0,0.0,2025-05-27 15:15:00,2026-02-19 13:13:00
"ТОО ""Горная Эдельвейс""",unsafe_condition,Проскальзывание / Спотыкание / Падение,5,0,0.0,2024-04-12 21:52:00,2025-11-07 15:00:00
"ТОО ""Горная Эдельвейс""",unsafe_condition,Электрооборудование,5,0,0.0,2025-02-12 13:06:00,2025-10-28 23:10:00
"ТОО ""Грация Гортензии""",other,Рабочее место / Эргономика,5,0,0.0,2025-06-23 16:25:00,2026-01-16 18:23:00
"ТОО ""Грация Гортензии""",unsafe_condition,Электрооборудование,5,0,0.0,2025-03-03 13:50:00,2025-10-30 15:47:00
"ТОО ""Дикая Ромашка""",unsafe_action,Выполнение требований инструкций,5,0,0.0,2025-05-30 19:21:00,2025-12-10 14:00:00
"ТОО ""Дикая Ромашка""",unsafe_condition,Проскальзывание / Спотыкание / Падение,5,0,0.0,2024-12-11 17:10:00,2025-12-21 13:20:00
"ТОО ""Жемчужная Фрезия""",unsafe_condition,Проскальзывание / Спотыкание / Падение,5,0,0.0,2025-09-20 16:35:00,2026-02-19 16:10:00
"ТОО ""Звёздный Амариллис""",unsafe_action,СИЗ / Средства по обеспечению безопасности,5,0,0.0,2025-08-13 16:30:00,2025-12-19 20:00:00
"ТОО ""Звёздный Амариллис""",unsafe_behavior,СИЗ / Средства по обеспечению безопасности,5,0,0.0,2025-01-14 15:00:00,2025-11-26 14:40:00
"ТОО ""Звёздный Амариллис""",unsafe_condition,Проскальзывание / Спотыкание / Падение,5,0,0.0,2025-04-22 18:45:00,2026-01-13 13:30:00
"ТОО ""Золотой Подсолнух""",other,Рабочее место / Эргономика,5,0,0.0,2025-06-23 16:30:00,2025-11-24 01:18:00
"ТОО ""Золотой Подсолнух""",unsafe_condition,Электрооборудование,5,0,0.0,2025-07-22 14:00:00,2026-01-21 14:00:00
"ТОО ""Имперская Орхидея""",good_practice,Выполнение требований инструкций,5,0,0.0,2025-05-26 16:08:00,2025-12-15 20:00:00
"ТОО ""Лазурный Дельфиниум""",good_practice,Прочее,5,0,0.0,2025-07-27 02:42:00,2025-11-25 03:10:00
"ТОО ""Лазурный Дельфиниум""",unsafe_action,СИЗ / Средства по обеспечению безопасности,5,0,0.0,2025-06-03 16:30:00,2025-12-22 14:57:00
"ТОО ""Лепесток Удачи""",unsafe_behavior,СИЗ / Средства по обеспечению безопасности,5,0,0.0,2025-04-18 18:20:00,2026-02-18 16:12:00
"ТОО ""Лесной Ландыш""",unsafe_condition,Вождение,5,0,0.0,2025-04-01 15:45:00,2025-09-12 20:39:00
"ТОО ""Лесной Ландыш""",unsafe_condition,Проскальзывание / Спотыкание / Падение,5,0,0.0,2024-01-17 23:19:00,2025-07-29 16:41:00
"ТОО ""Лесной Ландыш""",unsafe_condition,Электрооборудование,5,0,0.0,2025-03-19 15:03:00,2025-12-19 13:30:00
"ТОО ""Лунная Орхидея""",other,Рабочее место / Эргономика,5,0,0.0,2025-02-08 15:00:00,2026-01-19 20:31:00
"ТОО ""Медовая Астра""",good_practice,Наряд-допуск / Оценка риска,5,0,0.0,2025-05-27 15:09:00,2026-02-13 19:30:00
"ТОО ""Медовая Астра""",unsafe_action,СИЗ / Средства по обеспечению безопасности,5,0,0.0,2025-06-09 15:00:00,2026-01-23 18:30:00
"ТОО ""Нежная Фиалка""",good_practice,Поддержание чистоты и порядка,5,0,0.0,2025-09-02 14:00:00,2025-11-26 23:12:00
"ТОО ""Нежная Фиалка""",unsafe_condition,Знаки безопасности / Предупредительные таблички,5,0,0.0,2025-06-04 16:02:00,2026-01-05 01:50:00
"ТОО ""Нежная Фиалка""",unsafe_condition,Электрооборудование,5,0,0.0,2025-07-07 19:36:00,2025-12-05 15:16:00
"ТОО ""Ночная Лаванда""",unsafe_action,СИЗ / Средства по обеспечению безопасности,5,0,0.0,2025-05-27 15:35:00,2025-11-13 12:40:00
"ТОО ""Ночная Лаванда""",unsafe_condition,Электрооборудование,5,0,0.0,2025-01-05 16:30:00,2025-11-28 21:54:00
"ТОО ""Огненная Георгина""",other,Рабочее место / Эргономика,5,0,0.0,2025-06-23 15:22:00,2025-09-10 12:35:00
"ТОО ""Полевая Незабудка""",unsafe_condition,Электрооборудование,5,0,0.0,2025-02-14 16:22:00,2025-08-06 19:30:00
"ТОО ""Пурпурный Ирис""",unsafe_action,Выполнение требований инструкций,5,0,0.0,2025-01-20 15:13:00,2025-11-28 15:41:00
"ТОО ""Рассветная Лаванда""",unsafe_action,СИЗ / Средства по обеспечению безопасности,5,0,0.0,2025-05-23 19:35:00,2025-12-04 16:00:00
"ТОО ""Розовый Флокс""",unsafe_action,Работы на высоте / Строительные леса,5,0,0.0,2025-08-26 14:50:00,2026-01-13 15:35:00
"ТОО ""Розовый Флокс""",unsafe_action,СИЗ / Средства по обеспечению безопасности,5,0,0.0,2025-01-24 20:00:00,2026-01-23 17:45:00
"ТОО ""Розовый Флокс""",unsafe_behavior,СИЗ / Средства по обеспечению безопасности,5,0,0.0,2025-05-10 14:00:00,2026-02-17 14:56:00
"ТОО ""Розовый Флокс""",unsafe_condition,Проскальзывание / Спотыкание / Падение,5,0,0.0,2025-07-18 13:05:00,2025-12-31 20:20:00
"ТОО ""Садовый Гиацинт""",other,Рабочее место / Эргономика,5,0,0.0,2025-06-23 15:30:00,2025-10-15 19:25:00
"ТОО ""Сафлоровый Рассвет""",good_practice,Наряд-допуск / Оценка риска,5,0,0.0,2025-05-27 15:09:00,2025-12-10 17:58:00
"ТОО ""Северный Нарцисс""",other,Рабочее место / Эргономика,5,0,0.0,2025-01-26 19:00:00,2025-10-28 13:27:00
"ТОО ""Северный Нарцисс""",unsafe_action,СИЗ / Средства по обеспечению безопасности,5,0,0.0,2025-05-23 20:10:00,2026-01-29 15:15:00
"ТОО ""Серебряный Лотос""",unsafe_action,СИЗ / Средства по обеспечению безопасности,5,0,0.0,2025-05-16 15:14:00,2025-12-18 16:00:00
"ТОО ""Сияющая Примула""",good_practice,Наряд-допуск / Оценка риска,5,0,0.0,2025-05-25 14:10:00,2025-12-10 17:58:00
"ТОО ""Степная Роза""",good_practice,Поддержание чистоты и порядка,5,0,0.0,2025-04-24 20:55:00,2025-09-12 22:08:00
"ТОО ""Степной Шалфей""",unsafe_action,СИЗ / Средства по обеспечению безопасности,5,0,0.0,2025-07-21 14:35:00,2025-11-21 16:15:00
"ТОО ""Тайный Бутон""",unsafe_behavior,СИЗ / Средства по обеспечению безопасности,5,0,0.0,2025-08-08 13:50:00,2025-12-29 15:03:00
"ТОО ""Тайный Бутон""",unsafe_condition,Рабочее место / Эргономика,5,0,0.0,2025-01-14 16:05:00,2026-02-21 19:30:00
"ТОО ""Тихая Камелия""",other,Рабочее место / Эргономика,5,0,0.0,2025-06-14 21:49:00,2026-01-22 01:00:00
"ТОО ""Цветочный Бриз""",unsafe_action,СИЗ / Средства по обеспечению безопасности,5,0,0.0,2025-07-28 12:40:00,2026-01-01 14:30:00
"ТОО ""Цветочный Бриз""",unsafe_condition,Взрыво- и пожароопасность,5,0,0.0,2025-02-18 11:26:00,2026-02-16 15:15:00
"ТОО ""Цветущий Миндаль""",other,Рабочее место / Эргономика,5,0,0.0,2025-04-15 17:00:00,2025-10-01 20:11:00
"ТОО ""Цветущий Миндаль""",unsafe_behavior,СИЗ / Средства по обеспечению безопасности,5,0,0.0,2025-08-15 15:35:00,2026-02-22 13:45:00
"ТОО ""Цветущий Олеандр""",unsafe_condition,Проскальзывание / Спотыкание / Падение,5,0,0.0,2024-03-11 21:55:00,2025-10-31 21:41:00
"ТОО ""Шёлковый Пион""",unsafe_condition,Машины и оборудование,5,0,0.0,2025-07-28 20:33:00,2026-02-25 15:45:00
"ТОО ""Южная Магнолия""",good_practice,Целостность объекта / Оборудования,5,0,0.0,2025-02-11 15:40:00,2026-01-06 20:27:00
"ТОО ""Южная Магнолия""",unsafe_condition,Проскальзывание / Спотыкание / Падение,5,0,0.0,2025-02-12 13:39:00,2026-01-10 13:40:00
"ТОО ""Янтарная Хризантема""",good_practice,Наряд-допуск / Оценка риска,5,0,0.0,2025-05-26 22:19:00,2026-02-05 16:54:00
"ТОО ""Японская Сакура""",unsafe_action,СИЗ / Средства по обеспечению безопасности,5,0,0.0,2025-05-06 16:10:00,2025-12-30 14:00:00
"ТОО ""Ясный Василёк""",unsafe_action,Транспортировка,5,0,0.0,2025-08-26 19:20:00,2026-02-23 18:35:00
"ТОО ""Алая Гвоздика""",unsafe_action,"СИЗ / Средства по обеспечению безопасности, Выполнение требований инструкций",4,0,0.0,2025-10-22 22:50:00,2026-02-03 16:21:00
"ТОО ""Алая Гвоздика""",unsafe_condition,Машины и оборудование,4,0,0.0,2025-09-04 12:20:00,2025-11-12 21:15:00
"ТОО ""Алтын Бәйшешек""",good_practice,Прочее,4,0,0.0,2025-08-15 03:16:00,2025-11-25 03:01:00
"ТОО ""Алтын Бәйшешек""",unsafe_behavior,СИЗ / Средства по обеспечению безопасности,4,0,0.0,2025-09-30 12:58:00,2026-01-09 14:00:00
"ТОО ""Алтын Бәйшешек""",unsafe_condition,Машины и оборудование,4,0,0.0,2025-07-23 00:20:00,2025-09-26 20:42:00
"ТОО ""Алтын Бәйшешек""",unsafe_condition,Электрооборудование,4,0,0.0,2025-04-21 14:00:00,2025-09-09 19:17:00
"ТОО ""Алый Тюльпан""",good_practice,Прочее,4,0,0.0,2025-07-28 00:38:00,2026-01-17 13:27:00
"ТОО ""Алый Тюльпан""",unsafe_action,СИЗ / Средства по обеспечению безопасности,4,0,0.0,2025-04-01 14:43:00,2025-11-06 15:51:00
"ТОО ""Алый Тюльпан""",unsafe_condition,Проскальзывание / Спотыкание / Падение,4,0,0.0,2025-08-05 20:43:00,2026-01-20 14:30:00
"ТОО ""Алый Тюльпан""",unsafe_condition,Электрооборудование,4,0,0.0,2025-03-09 15:00:00,2026-01-22 19:00:00
"ТОО ""Ароматный Мирт""",good_practice,Поддержание чистоты и порядка,4,0,0.0,2025-06-05 18:20:00,2025-11-22 19:30:00
"ТОО ""Ароматный Мирт""",good_practice,Прочее,4,0,0.0,1969-12-16 03:49:00,2025-11-25 03:57:00
"ТОО ""Бархатный Тюльпан""",unsafe_action,Машины и оборудование,4,0,0.0,2025-04-22 15:22:00,2025-08-27 21:20:00
"ТОО ""Бархатный Тюльпан""",unsafe_condition,Поддержание чистоты и порядка,4,0,0.0,2025-04-11 19:05:00,2025-11-28 15:37:00
"ТОО ""Бархатный Тюльпан""",unsafe_condition,Рабочее место / Эргономика,4,0,0.0,2024-04-18 21:39:00,2025-08-19 14:16:00
"ТОО ""Бархатный Тюльпан""",unsafe_condition,Электрооборудование,4,0,0.0,2025-03-09 15:00:00,2025-10-17 00:37:00
"ТОО ""Белая Роза""",other,Рабочее место / Эргономика,4,0,0.0,2025-07-06 11:36:00,2026-01-07 15:17:00
"ТОО ""Белая Роза""",unsafe_condition,Прочее,4,0,0.0,2025-05-20 20:10:00,2025-09-28 14:50:00
"ТОО ""Белоснежная Азалия""",good_practice,Наряд-допуск / Оценка риска,4,0,0.0,2025-06-08 17:57:00,2026-01-26 12:33:00
"ТОО ""Белоснежная Азалия""",unsafe_condition,Опасные природные явления / Погодные условия,4,0,0.0,2025-09-16 00:10:00,2026-02-10 20:18:00
"ТОО ""Белоснежная Азалия""",unsafe_condition,Поддержание чистоты и порядка,4,0,0.0,2025-04-19 15:15:00,2025-09-29 15:00:00
"ТОО ""Белый Лотос KZ""",good_practice,Вождение,4,0,0.0,2025-05-26 18:05:00,2025-11-06 19:20:00
"ТОО ""Белый Лотос KZ""",good_practice,Наряд-допуск / Оценка риска,4,0,0.0,2025-05-25 23:12:00,2025-12-06 23:23:00
"ТОО ""Белый Лотос KZ""",unsafe_behavior,СИЗ / Средства по обеспечению безопасности,4,0,0.0,2025-08-21 15:10:00,2026-01-20 15:16:00
"ТОО ""Белый Лотос KZ""",unsafe_condition,Падающие предметы,4,0,0.0,2025-05-29 14:00:00,2025-10-30 19:40:00
"ТОО ""Белый Лотос KZ""",unsafe_condition,Рабочее место / Эргономика,4,0,0.0,2025-08-19 13:46:00,2025-12-20 21:55:00
"ТОО ""Весенний Пион""",unsafe_condition,Проскальзывание / Спотыкание / Падение,4,0,0.0,2024-01-06 21:00:00,2026-01-11 02:00:00
"ТОО ""Гармония Лилий""",other,Рабочее место / Эргономика,4,0,0.0,2025-06-23 16:00:00,2025-12-23 15:30:00
"ТОО ""Гармония Лилий""",unsafe_behavior,СИЗ / Средства по обеспечению безопасности,4,0,0.0,2025-11-23 16:40:00,2026-01-14 20:30:00
"ТОО ""Голубая Гортензия""",good_practice,Вождение,4,0,0.0,2025-05-27 18:07:00,2025-12-05 15:10:00
"ТОО ""Голубая Гортензия""",unsafe_condition,Падающие предметы,4,0,0.0,2024-05-12 15:15:00,2025-12-29 16:00:00
"ТОО ""Голубая Гортензия""",unsafe_condition,Электрооборудование,4,0,0.0,2025-02-19 19:25:00,2025-09-25 19:40:00
"ТОО ""Грация Гортензии""",good_practice,Прочее,4,0,0.0,2025-03-13 16:00:00,2026-02-04 23:00:00
"ТОО ""Грация Гортензии""",unsafe_condition,Проскальзывание / Спотыкание / Падение,4,0,0.0,2024-02-09 18:05:00,2025-11-10 14:58:00
"ТОО ""Дикая Ромашка""",good_practice,Прочее,4,0,0.0,2025-07-01 20:14:00,2025-10-07 19:50:00
"ТОО ""Дикая Ромашка""",other,Рабочее место / Эргономика,4,0,0.0,2025-05-26 14:00:00,2026-01-18 13:05:00
"ТОО ""Дикая Ромашка""",unsafe_behavior,СИЗ / Средства по обеспечению безопасности,4,0,0.0,2025-11-02 15:40:00,2025-11-30 14:00:00
"ТОО ""Жемчужная Фрезия""",good_practice,Наряд-допуск / Оценка риска,4,0,0.0,2025-05-27 15:09:00,2025-12-10 17:58:00
"ТОО ""Жемчужная Фрезия""",other,Рабочее место / Эргономика,4,0,0.0,2025-06-23 15:23:00,2025-07-28 19:00:00
"ТОО ""Золотая Лилия""",unsafe_behavior,СИЗ / Средства по обеспечению безопасности,4,0,0.0,2025-06-18 14:50:00,2025-12-26 21:00:00
"ТОО ""Золотая Лилия""",unsafe_condition,Выполнение требований инструкций,4,0,0.0,2025-06-07 13:00:00,2025-10-09 17:00:00
"ТОО ""Золотая Лилия""",unsafe_condition,Рабочее место / Эргономика,4,0,0.0,2025-05-23 15:10:00,2026-01-13 22:47:00
"ТОО ""Золотой Подсолнух""",unsafe_action,СИЗ / Средства по обеспечению безопасности,4,0,0.0,2025-05-20 14:50:00,2026-02-23 14:00:00
"ТОО ""Золотой Подсолнух""",unsafe_behavior,Знаки безопасности / Предупредительные таблички,4,0,0.0,2025-08-08 16:20:00,2025-11-18 18:52:00
"ТОО ""Золотой Подсолнух""",unsafe_condition,Машины и оборудование,4,0,0.0,2025-05-27 16:05:00,2026-02-19 13:43:00
"ТОО ""Золотой Подсолнух""",unsafe_condition,Рабочее место / Эргономика,4,0,0.0,2024-08-12 16:45:00,2025-11-21 20:51:00
"ТОО ""Изумрудный Папоротник""",danger_factor,Электрооборудование,4,0,0.0,2025-04-10 15:45:00,2026-01-08 14:00:00
"ТОО ""Изумрудный Папоротник""",good_practice,Электрооборудование,4,0,0.0,2025-05-20 15:00:00,2025-12-13 14:00:00
"ТОО ""Изумрудный Папоротник""",unsafe_action,СИЗ / Средства по обеспечению безопасности,4,0,0.0,2025-10-07 16:10:00,2025-12-23 18:20:00
"ТОО ""Имперская Орхидея""",danger_factor,Целостность объекта / Оборудования,4,0,0.0,2025-01-26 20:00:00,2026-01-12 02:30:00
"ТОО ""Имперская Орхидея""",good_practice,Поддержание чистоты и порядка,4,0,0.0,2025-07-21 16:14:00,2026-02-19 13:00:00
"ТОО ""Имперская Орхидея""",unsafe_condition,Проскальзывание / Спотыкание / Падение,4,0,0.0,2025-06-14 13:45:00,2026-01-23 17:15:00
"ТОО ""Каспийский Тюльпан""",unsafe_action,Вождение,4,0,0.0,2025-06-04 14:15:00,2026-01-21 14:20:00
"ТОО ""Каспийский Тюльпан""",unsafe_condition,Рабочее место / Эргономика,4,0,0.0,2025-08-25 21:00:00,2026-01-25 16:05:00
"ТОО ""Каспийский Тюльпан""",unsafe_condition,Целостность объекта / Оборудования,4,0,0.0,2025-04-04 20:50:00,2025-11-27 16:00:00
"ТОО ""Кристальный Ирис""",good_practice,Прочее,4,0,0.0,2025-08-17 19:22:00,2025-11-29 20:18:00
"ТОО ""Кристальный Ирис""",good_practice,Целостность объекта / Оборудования,4,0,0.0,2025-01-22 15:20:00,2026-01-05 14:38:00
"ТОО ""Кристальный Ирис""",unsafe_action,Вождение,4,0,0.0,2025-06-29 06:45:00,2026-02-24 17:00:00
"ТОО ""Кристальный Ирис""",unsafe_action,СИЗ / Средства по обеспечению безопасности,4,0,0.0,2025-04-10 15:05:00,2025-10-28 14:30:00
"ТОО ""Кристальный Ирис""",unsafe_condition,Проскальзывание / Спотыкание / Падение,4,0,0.0,2025-03-01 19:10:00,2025-08-22 15:16:00
"ТОО ""Кристальный Ирис""",unsafe_condition,"Проскальзывание / Спотыкание / Падение, Рабочее место / Эргономика",4,0,0.0,2024-08-05 18:14:00,2025-07-17 17:40:00
"ТОО ""Кристальный Ирис""",unsafe_condition,Целостность объекта / Оборудования,4,0,0.0,2025-06-09 14:00:00,2026-01-17 14:20:00
"ТОО ""Көктем Гүлі""",good_practice,Прочее,4,0,0.0,2025-07-27 02:11:00,2025-11-25 03:02:00
"ТОО ""Көктем Гүлі""",other,Рабочее место / Эргономика,4,0,0.0,2025-04-14 14:00:00,2025-07-28 13:05:00
"ТОО ""Лавандовый Рассвет""",good_practice,Поддержание чистоты и порядка,4,0,0.0,2025-05-23 17:49:00,2025-12-05 13:00:00
"ТОО ""Лавандовый Рассвет""",good_practice,Трубопроводы / Подземные коммуникации,4,0,0.0,2025-09-10 00:04:00,2025-11-25 13:31:00
"ТОО ""Лавандовый Рассвет""",unsafe_condition,Проскальзывание / Спотыкание / Падение,4,0,0.0,2025-01-21 14:39:00,2026-01-25 14:00:00
"ТОО ""Лазурный Дельфиниум""",good_practice,Наряд-допуск / Оценка риска,4,0,0.0,2025-05-27 15:09:00,2026-01-08 20:06:00
"ТОО ""Лазурный Дельфиниум""",unsafe_action,Прочее,4,0,0.0,2025-07-14 16:00:00,2025-12-01 12:54:00
"ТОО ""Лазурный Дельфиниум""",unsafe_behavior,СИЗ / Средства по обеспечению безопасности,4,0,0.0,2025-04-10 20:57:00,2026-02-19 15:40:00
"ТОО ""Лепесток Удачи""",other,Целостность объекта / Оборудования,4,0,0.0,2024-03-10 14:10:00,2026-02-24 16:02:00
"ТОО ""Лепесток Удачи""",unsafe_action,Транспортировка,4,0,0.0,2025-05-26 18:25:00,2025-11-27 13:15:00
"ТОО ""Лепесток Удачи""",unsafe_condition,Машины и оборудование,4,0,0.0,2025-02-06 15:25:00,2026-01-10 10:28:00
"ТОО ""Лепесток Удачи""",unsafe_condition,Проскальзывание / Спотыкание / Падение,4,0,0.0,2025-03-01 19:10:00,2025-12-04 13:10:00
"ТОО ""Лепесток Удачи""",unsafe_condition,Рабочее место / Эргономика,4,0,0.0,2025-06-25 14:00:00,2025-11-21 20:56:00
"ТОО ""Лепесток Удачи""",unsafe_condition,Электрооборудование,4,0,0.0,2025-05-01 14:44:00,2026-01-20 14:30:00
"ТОО ""Лунная Орхидея""",good_practice,Наряд-допуск / Оценка риска,4,0,0.0,2025-05-25 23:11:00,2025-12-06 23:10:00
"ТОО ""Медовая Астра""",good_practice,Прочее,4,0,0.0,2025-07-27 04:12:00,2025-11-25 03:17:00
"ТОО ""Медовая Астра""",unsafe_condition,Проскальзывание / Спотыкание / Падение,4,0,0.0,2024-06-19 22:05:00,2026-01-29 17:00:00
"ТОО ""Небесная Камелия""",good_practice,Вождение,4,0,0.0,2025-05-26 18:10:00,2025-10-28 16:13:00
"ТОО ""Небесная Камелия""",unsafe_action,Монтажные и грузоподъемные работы,4,0,0.0,2025-04-29 19:58:00,2026-01-31 15:30:00
"ТОО ""Небесная Камелия""",unsafe_action,СИЗ / Средства по обеспечению безопасности,4,0,0.0,2025-07-18 15:20:00,2026-01-18 14:30:00
"ТОО ""Нежная Фиалка""",unsafe_behavior,СИЗ / Средства по обеспечению безопасности,4,0,0.0,2025-10-13 22:09:00,2026-02-23 14:35:00
"ТОО ""Нежная Фиалка""",unsafe_condition,Проскальзывание / Спотыкание / Падение,4,0,0.0,2024-03-15 16:43:00,2025-03-15 03:00:00
"ТОО ""Ночная Лаванда""",unsafe_condition,Рабочее место / Эргономика,4,0,0.0,2025-07-16 15:50:00,2026-02-03 21:26:00
"ТОО ""Огненная Георгина""",unsafe_condition,Машины и оборудование,4,0,0.0,2025-04-11 15:34:00,2025-08-14 13:35:00
"ТОО ""Огненная Георгина""",unsafe_condition,Поддержание чистоты и порядка,4,0,0.0,2025-04-10 14:00:00,2025-11-13 15:00:00
"ТОО ""Огненная Георгина""",unsafe_condition,Рабочее место / Эргономика,4,0,0.0,2025-06-04 18:40:00,2025-11-16 15:20:00
"ТОО ""Полевая Незабудка""",unsafe_behavior,Поддержание чистоты и порядка,4,0,0.0,2025-05-15 15:52:00,2025-11-21 13:38:00
"ТОО ""Полевая Незабудка""",unsafe_condition,Поддержание чистоты и порядка,4,0,0.0,2025-05-13 15:00:00,2025-11-23 13:30:00
"ТОО ""Полевой Клевер""",good_practice,Прочее,4,0,0.0,2025-07-27 04:14:00,2025-10-07 23:44:00
"ТОО ""Полевой Клевер""",other,Рабочее место / Эргономика,4,0,0.0,2025-06-23 13:56:00,2025-09-10 12:28:00
"ТОО ""Полевой Клевер""",unsafe_action,СИЗ / Средства по обеспечению безопасности,4,0,0.0,2025-08-12 21:31:00,2026-02-10 20:40:00
"ТОО ""Полевой Клевер""",unsafe_condition,Машины и оборудование,4,0,0.0,2025-01-06 14:49:00,2025-09-15 15:30:00
"ТОО ""Полевой Клевер""",unsafe_condition,Электрооборудование,4,0,0.0,2025-02-23 14:30:00,2025-08-04 01:35:00
"ТОО ""Пудровая Роза""",good_practice,Поддержание чистоты и порядка,4,0,0.0,2025-06-05 16:40:00,2026-01-20 13:00:00
"ТОО ""Пудровая Роза""",good_practice,Электрооборудование,4,0,0.0,2025-07-19 19:50:00,2026-02-22 20:20:00
"ТОО ""Пудровая Роза""",other,Выполнение требований инструкций,4,0,0.0,2025-07-22 20:52:00,2025-11-26 15:04:00
"ТОО ""Пудровая Роза""",unsafe_condition,Электрооборудование,4,0,0.0,2025-08-14 15:20:00,2025-11-28 15:00:00
"ТОО ""Пурпурный Ирис""",unsafe_condition,Проскальзывание / Спотыкание / Падение,4,0,0.0,2025-02-10 13:57:00,2025-12-09 12:00:00
"ТОО ""Пурпурный Ирис""",unsafe_condition,Электрооборудование,4,0,0.0,2025-04-17 01:30:00,2025-10-30 23:29:00
"ТОО ""Рассветная Лаванда""",unsafe_condition,Рабочее место / Эргономика,4,0,0.0,2024-11-12 22:42:00,2025-11-21 20:58:00
"ТОО ""Розовый Флокс""",unsafe_condition,Целостность объекта / Оборудования,4,0,0.0,2024-09-09 17:00:00,2026-02-10 14:20:00
"ТОО ""Рубиновый Мак""",good_practice,Вождение,4,0,0.0,2025-05-27 18:16:00,2025-11-26 13:53:00
"ТОО ""Рубиновый Мак""",unsafe_behavior,СИЗ / Средства по обеспечению безопасности,4,0,0.0,2025-05-20 18:30:00,2025-12-04 15:30:00
"ТОО ""Рубиновый Мак""",unsafe_condition,Проскальзывание / Спотыкание / Падение,4,0,0.0,2025-07-11 22:12:00,2026-01-21 15:25:00
"ТОО ""Сакура Плюс""",danger_factor,Электрооборудование,4,0,0.0,2025-05-27 15:23:00,2025-09-15 15:00:00
"ТОО ""Сакура Плюс""",unsafe_action,"СИЗ / Средства по обеспечению безопасности, Выполнение требований инструкций",4,0,0.0,2025-11-07 14:40:00,2026-02-23 13:50:00
"ТОО ""Сакура Плюс""",unsafe_behavior,СИЗ / Средства по обеспечению безопасности,4,0,0.0,2025-10-06 15:20:00,2025-11-20 15:00:00
"ТОО ""Сафлоровый Рассвет""",other,Рабочее место / Эргономика,4,0,0.0,2025-06-23 15:46:00,2025-11-09 21:50:00
"ТОО ""Сафлоровый Рассвет""",unsafe_behavior,СИЗ / Средства по обеспечению безопасности,4,0,0.0,2025-06-18 13:15:00,2026-01-09 15:45:00
"ТОО ""Сафлоровый Рассвет""",unsafe_condition,Проскальзывание / Спотыкание / Падение,4,0,0.0,2024-06-11 15:12:00,2026-02-11 15:00:00
"ТОО ""Сафлоровый Рассвет""",unsafe_condition,Электрооборудование,4,0,0.0,2025-03-04 20:30:00,2026-02-16 14:33:00
"ТОО ""Северный Нарцисс""",good_practice,Выполнение требований инструкций,4,0,0.0,2025-01-16 14:15:00,2025-12-08 15:15:00
"ТОО ""Северный Нарцисс""",unsafe_condition,Рабочее место / Эргономика,4,0,0.0,2024-02-15 22:16:00,2025-10-29 14:45:00
"ТОО ""Северный Нарцисс""",unsafe_condition,Электрооборудование,4,0,0.0,2025-06-20 13:15:00,2025-11-24 20:01:00
"ТОО ""Синяя Орхидея""",good_practice,"Целостность объекта / Оборудования, Наряд-допуск / Оценка риска",4,0,0.0,2025-10-03 14:18:00,2026-02-09 17:00:00
"ТОО ""Синяя Орхидея""",unsafe_behavior,СИЗ / Средства по обеспечению безопасности,4,0,0.0,2025-01-21 21:54:00,2026-01-23 16:40:00
"ТОО ""Синяя Орхидея""",unsafe_condition,Поддержание чистоты и порядка,4,0,0.0,2025-02-14 15:23:00,2025-08-16 15:00:00
"ТОО ""Синяя Орхидея""",unsafe_condition,Рабочее место / Эргономика,4,0,0.0,2025-08-15 20:21:00,2026-02-24 20:39:00
"ТОО ""Сияющая Примула""",good_practice,Прочее,4,0,0.0,2025-07-27 18:44:00,2025-10-07 23:49:00
"ТОО ""Сияющая Примула""",unsafe_behavior,СИЗ / Средства по обеспечению безопасности,4,0,0.0,2025-05-08 15:00:00,2025-12-24 14:37:00
"ТОО ""Солнечный Подсолнух""",unsafe_condition,Выполнение требований инструкций,4,0,0.0,2025-03-17 16:00:00,2025-12-15 21:25:00
"ТОО ""Солнечный Подсолнух""",unsafe_condition,Проскальзывание / Спотыкание / Падение,4,0,0.0,2025-08-06 18:06:00,2026-01-19 13:30:00
"ТОО ""Степная Роза""",unsafe_action,СИЗ / Средства по обеспечению безопасности,4,0,0.0,2025-05-14 20:51:00,2026-02-20 16:00:00
"ТОО ""Степная Роза""",unsafe_condition,Электрооборудование,4,0,0.0,2025-02-15 21:24:00,2025-09-16 15:00:00
"ТОО ""Степной Шалфей""",other,Рабочее место / Эргономика,4,0,0.0,2025-06-23 15:05:00,2025-11-17 15:00:00
"ТОО ""Тайный Бутон""",good_practice,Наряд-допуск / Оценка риска,4,0,0.0,2025-10-06 00:00:00,2026-01-08 21:37:00
"ТОО ""Тайный Бутон""",good_practice,Целостность объекта / Оборудования,4,0,0.0,2025-04-18 16:30:00,2026-12-21 01:53:00
"ТОО ""Тайный Бутон""",other,Рабочее место / Эргономика,4,0,0.0,2025-06-23 14:55:00,2025-08-19 12:11:00
"ТОО ""Таёжный Жасмин""",unsafe_action,СИЗ / Средства по обеспечению безопасности,4,0,0.0,2025-05-23 22:00:00,2025-11-11 19:50:00
"ТОО ""Таёжный Жасмин""",unsafe_condition,Машины и оборудование,4,0,0.0,2025-03-19 20:06:00,2025-12-21 15:15:00
"ТОО ""Таёжный Жасмин""",unsafe_condition,Поддержание чистоты и порядка,4,0,0.0,2025-03-06 15:40:00,2025-12-25 14:30:00
"ТОО ""Таёжный Жасмин""",unsafe_condition,Проскальзывание / Спотыкание / Падение,4,0,0.0,2024-06-18 21:49:00,2025-08-11 02:20:00
"ТОО ""Тихая Камелия""",good_practice,Прочее,4,0,0.0,2025-07-28 15:17:00,2025-10-07 20:07:00
"ТОО ""Тихая Камелия""",unsafe_condition,Электрооборудование,4,0,0.0,2025-07-11 15:30:00,2025-11-21 15:00:00
"ТОО ""Флора Капитал""",good_practice,Трубопроводы / Подземные коммуникации,4,0,0.0,2025-09-17 00:28:00,2025-11-17 16:35:00
"ТОО ""Флора Капитал""",unsafe_behavior,СИЗ / Средства по обеспечению безопасности,4,0,0.0,2025-11-07 12:45:00,2026-02-20 15:15:00
"ТОО ""Флора Капитал""",unsafe_condition,Машины и оборудование,4,0,0.0,2025-02-10 15:15:00,2025-06-13 15:00:00
"ТОО ""Цветочный Бриз""",danger_factor,Электрооборудование,4,0,0.0,2025-04-27 19:30:00,2025-10-24 20:50:00
"ТОО ""Цветочный Бриз""",other,Рабочее место / Эргономика,4,0,0.0,2025-06-11 00:39:00,2025-08-19 13:54:00
"ТОО ""Цветочный Бриз""",unsafe_action,Вождение,4,0,0.0,2025-01-25 21:20:00,2026-01-27 21:28:00
"ТОО ""Цветочный Бриз""",unsafe_condition,Электрооборудование,4,0,0.0,2025-03-17 19:10:00,2025-12-08 01:08:00
"ТОО ""Цветущий Миндаль""",unsafe_action,СИЗ / Средства по обеспечению безопасности,4,0,0.0,2025-05-12 15:55:00,2026-02-21 16:10:00
"ТОО ""Цветущий Олеандр""",good_practice,Охрана окружающей среды,4,0,0.0,2025-09-17 00:43:00,2026-01-26 18:41:00
"ТОО ""Цветущий Олеандр""",unsafe_action,СИЗ / Средства по обеспечению безопасности,4,0,0.0,2025-07-18 14:30:00,2026-01-03 20:54:00
"ТОО ""Цветущий Олеандр""",unsafe_condition,Рабочее место / Эргономика,4,0,0.0,2025-07-17 18:49:00,2026-02-13 14:32:00
"ТОО ""Цветущий Олеандр""",unsafe_condition,Электрооборудование,4,0,0.0,2025-04-25 19:30:00,2025-10-07 15:30:00
"ТОО ""Шёлковый Пион""",good_practice,Наряд-допуск / Оценка риска,4,0,0.0,2025-04-30 18:56:00,2025-12-10 17:58:00
"ТОО ""Шёлковый Пион""",other,Рабочее место / Эргономика,4,0,0.0,2025-05-12 20:31:00,2025-07-28 13:56:00
"ТОО ""Шёлковый Пион""",unsafe_condition,Выполнение требований инструкций,4,0,0.0,2025-08-04 15:30:00,2025-12-15 16:20:00
"ТОО ""Шёлковый Пион""",unsafe_condition,Трубопроводы / Подземные коммуникации,4,0,0.0,2025-04-08 15:43:00,2025-11-05 17:30:00
"ТОО ""Янтарная Хризантема""",other,Проскальзывание / Спотыкание / Падение,4,0,0.0,2025-09-29 13:25:00,2026-01-28 16:15:00
"ТОО ""Янтарная Хризантема""",unsafe_action,Проскальзывание / Спотыкание / Падение,4,0,0.0,2025-11-27 21:00:00,2026-01-10 13:15:00
"ТОО ""Янтарная Хризантема""",unsafe_behavior,СИЗ / Средства по обеспечению безопасности,4,0,0.0,2025-05-11 15:00:00,2025-12-27 15:00:00
"ТОО ""Японская Сакура""",good_practice,Поддержание чистоты и порядка,4,0,0.0,2025-04-21 20:20:00,2025-09-25 15:02:00
"ТОО ""Японская Сакура""",unsafe_condition,Целостность объекта / Оборудования,4,0,0.0,2024-12-09 15:45:00,2026-02-16 16:00:00
"ТОО ""Ясный Василёк""",good_practice,Прочее,4,0,0.0,2025-06-10 03:25:00,2025-10-22 14:27:00
"ТОО ""Ясный Василёк""",unsafe_action,СИЗ / Средства по обеспечению безопасности,4,0,0.0,2025-04-14 16:15:00,2026-01-16 16:00:00
"ТОО ""Ясный Василёк""",unsafe_behavior,СИЗ / Средства по обеспечению безопасности,4,0,0.0,2025-07-14 15:12:00,2025-11-26 21:15:00
"ТОО ""Алая Гвоздика""",unsafe_action,Вождение,3,0,0.0,2025-05-23 20:20:00,2025-11-21 11:15:00
"ТОО ""Алая Гвоздика""",unsafe_action,Машины и оборудование,3,0,0.0,2025-07-03 13:40:00,2025-10-19 20:37:00
"ТОО ""Алтын Бәйшешек""",danger_factor,Целостность объекта / Оборудования,3,0,0.0,2025-04-16 20:51:00,2026-02-20 15:00:00
"ТОО ""Алтын Бәйшешек""",good_practice,Наряд-допуск / Оценка риска,3,0,0.0,2025-06-08 18:52:00,2025-12-26 21:58:00
"ТОО ""Алтын Бәйшешек""",good_practice,Рабочее место / Эргономика,3,0,0.0,2025-10-12 14:34:00,2026-01-12 17:00:00
"ТОО ""Алтын Бәйшешек""",unsafe_action,Вождение,3,0,0.0,2025-05-24 19:45:00,2025-11-20 18:30:00
"ТОО ""Алтын Бәйшешек""",unsafe_action,Монтажные и грузоподъемные работы,3,0,0.0,2025-05-17 20:30:00,2026-01-21 21:49:00
"ТОО ""Алтын Бәйшешек""",unsafe_condition,Проскальзывание / Спотыкание / Падение,3,0,0.0,2025-02-16 15:26:00,2026-02-11 15:45:00
"ТОО ""Алый Тюльпан""",good_practice,Монтажные и грузоподъемные работы,3,0,0.0,2025-09-11 20:46:00,2026-01-05 19:58:00
"ТОО ""Алый Тюльпан""",good_practice,Охрана окружающей среды,3,0,0.0,2025-11-23 12:46:00,2026-01-26 18:49:00
"ТОО ""Алый Тюльпан""",good_practice,Поддержание чистоты и порядка,3,0,0.0,2025-06-10 06:30:00,2025-09-22 22:03:00
"ТОО ""Алый Тюльпан""",good_practice,Трубопроводы / Подземные коммуникации,3,0,0.0,2025-09-17 00:26:00,2025-11-01 18:55:00
"ТОО ""Алый Тюльпан""",unsafe_condition,Выполнение требований инструкций,3,0,0.0,2025-05-20 16:30:00,2025-10-09 17:00:00
"ТОО ""Алый Тюльпан""",unsafe_condition,Поддержание чистоты и порядка,3,0,0.0,2025-05-27 14:10:00,2025-11-19 20:24:00
"ТОО ""Алый Тюльпан""",unsafe_condition,Целостность объекта / Оборудования,3,0,0.0,2025-02-13 19:30:00,2025-11-29 21:00:00
"ТОО ""Ароматный Мирт""",good_practice,Выполнение требований инструкций,3,0,0.0,2025-05-02 15:30:00,2025-12-29 16:35:00
"ТОО ""Ароматный Мирт""",unsafe_action,СИЗ / Средства по обеспечению безопасности,3,0,0.0,2025-08-22 21:07:00,2025-11-17 15:00:00
"ТОО ""Ароматный Мирт""",unsafe_condition,Падающие предметы,3,0,0.0,2024-07-05 22:47:00,2025-11-21 20:25:00
"ТОО ""Ароматный Мирт""",unsafe_condition,Проскальзывание / Спотыкание / Падение,3,0,0.0,2024-03-12 22:52:00,2025-12-04 21:32:00
"ТОО ""Бархатный Тюльпан""",good_practice,Охрана окружающей среды,3,0,0.0,2025-09-17 00:55:00,2026-01-26 18:46:00
"ТОО ""Бархатный Тюльпан""",good_practice,Поддержание чистоты и порядка,3,0,0.0,2025-06-05 15:45:00,2025-12-20 14:00:00
"ТОО ""Бархатный Тюльпан""",other,Рабочее место / Эргономика,3,0,0.0,2025-06-04 18:29:00,2025-07-28 15:16:00
"ТОО ""Бархатный Тюльпан""",unsafe_action,Вождение,3,0,0.0,2025-06-23 21:30:00,2025-10-01 13:26:00
"ТОО ""Белая Роза""",good_practice,Трубопроводы / Подземные коммуникации,3,0,0.0,2025-09-10 23:26:00,2025-11-26 16:11:00
"ТОО ""Белая Роза""",good_practice,Электрооборудование,3,0,0.0,2025-10-14 15:10:00,2026-02-06 15:45:00
"ТОО ""Белая Роза""",unsafe_condition,Вождение,3,0,0.0,2025-05-26 14:42:00,2025-06-12 15:01:00
"ТОО ""Белоснежная Азалия""",danger_factor,Целостность объекта / Оборудования,3,0,0.0,2025-06-24 14:58:00,2025-12-01 15:25:00
"ТОО ""Белоснежная Азалия""",unsafe_action,СИЗ / Средства по обеспечению безопасности,3,0,0.0,2025-04-10 15:00:00,2025-12-24 16:15:00
"ТОО ""Белоснежная Азалия""",unsafe_behavior,Земляные работы,3,0,0.0,2025-07-15 15:25:00,2025-11-25 02:59:00
"ТОО ""Белый Лотос KZ""",good_practice,Транспортировка,3,0,0.0,2025-08-26 13:47:00,2026-01-16 17:23:00
"ТОО ""Белый Лотос KZ""",unsafe_action,Сварка / Шлифовка / Отжиг,3,0,0.0,2025-03-16 15:30:00,2025-11-25 16:20:00
"ТОО ""Белый Лотос KZ""",unsafe_condition,Машины и оборудование,3,0,0.0,2025-05-17 15:00:00,2025-08-22 21:12:00
"ТОО ""Весенний Крокус""",good_practice,Вождение,3,0,0.0,2025-08-16 13:09:00,2025-12-28 22:00:00
"ТОО ""Весенний Крокус""",good_practice,Прочее,3,0,0.0,2025-07-29 20:29:00,2025-10-11 01:52:00
"ТОО ""Весенний Крокус""",good_practice,Рабочее место / Эргономика,3,0,0.0,2025-02-24 16:11:00,2025-11-17 15:25:00
"ТОО ""Весенний Крокус""",unsafe_action,Знаки безопасности / Предупредительные таблички,3,0,0.0,2025-11-06 19:41:00,2025-12-16 15:15:00
"ТОО ""Весенний Крокус""",unsafe_condition,Падающие предметы,3,0,0.0,2025-06-26 13:15:00,2025-12-30 20:20:00
"ТОО ""Весенний Крокус""",unsafe_condition,Поддержание чистоты и порядка,3,0,0.0,2025-04-22 15:00:00,2025-08-01 14:15:00
"ТОО ""Весенний Крокус""",unsafe_condition,Целостность объекта / Оборудования,3,0,0.0,2025-06-28 00:06:00,2025-10-19 14:33:00
"ТОО ""Весенний Пион""",danger_factor,Монтажные и грузоподъемные работы,3,0,0.0,2025-07-20 15:12:00,2025-11-13 19:31:00
"ТОО ""Весенний Пион""",danger_factor,Проскальзывание / Спотыкание / Падение,3,0,0.0,2025-08-12 14:15:00,2026-01-15 22:21:00
"ТОО ""Весенний Пион""",good_practice,Рабочее место / Эргономика,3,0,0.0,2025-04-09 21:36:00,2025-12-26 21:00:00
"ТОО ""Весенний Пион""",unsafe_action,Выполнение требований инструкций,3,0,0.0,2025-03-07 14:00:00,2026-01-20 13:30:00
"ТОО ""Весенний Пион""",unsafe_action,"СИЗ / Средства по обеспечению безопасности, Выполнение требований инструкций",3,0,0.0,2025-12-05 13:20:00,2026-02-23 19:50:00
"ТОО ""Весенний Пион""",unsafe_behavior,СИЗ / Средства по обеспечению безопасности,3,0,0.0,2025-10-31 19:16:00,2026-02-04 16:00:00
"ТОО ""Весенний Пион""",unsafe_condition,Падающие предметы,3,0,0.0,2024-11-11 20:25:00,2025-09-18 12:28:00
"ТОО ""Весенний Пион""",unsafe_condition,Поддержание чистоты и порядка,3,0,0.0,2025-03-24 21:35:00,2025-12-08 16:00:00
"ТОО ""Весенний Пион""",unsafe_condition,Электрооборудование,3,0,0.0,2025-05-23 20:01:00,2025-09-19 20:20:00
"ТОО ""Гармония Лилий""",good_practice,Наряд-допуск / Оценка риска,3,0,0.0,2025-05-25 23:03:00,2025-12-10 17:58:00
"ТОО ""Гармония Лилий""",good_practice,Поддержание чистоты и порядка,3,0,0.0,2025-06-10 15:26:00,2025-09-30 16:10:00
"ТОО ""Гармония Лилий""",good_practice,СИЗ / Средства по обеспечению безопасности,3,0,0.0,2025-08-23 15:20:00,2026-02-19 19:30:00
"ТОО ""Гармония Лилий""",unsafe_condition,Рабочее место / Эргономика,3,0,0.0,2025-08-27 19:41:00,2025-11-11 16:55:00
"ТОО ""Гармония Лилий""",unsafe_condition,Электрооборудование,3,0,0.0,2025-04-22 14:38:00,2025-08-28 13:45:00
"ТОО ""Голубая Гортензия""",other,Рабочее место / Эргономика,3,0,0.0,2025-06-04 16:05:00,2025-08-11 12:00:00
"ТОО ""Голубая Гортензия""",unsafe_action,Транспортировка,3,0,0.0,2025-10-28 21:34:00,2026-01-26 21:30:00
"ТОО ""Голубая Гортензия""",unsafe_condition,СИЗ / Средства по обеспечению безопасности,3,0,0.0,2025-11-23 14:00:00,2026-02-23 15:15:00
"ТОО ""Горная Эдельвейс""",danger_factor,Проскальзывание / Спотыкание / Падение,3,0,0.0,2025-08-11 13:00:00,2026-01-16 22:23:00
"ТОО ""Горная Эдельвейс""",good_practice,Поддержание чистоты и порядка,3,0,0.0,2025-05-13 17:00:00,2026-02-02 00:00:00
"ТОО ""Горная Эдельвейс""",good_practice,Целостность объекта / Оборудования,3,0,0.0,2025-08-13 20:20:00,2025-11-09 12:04:00
"ТОО ""Горная Эдельвейс""",unsafe_action,Выполнение требований инструкций,3,0,0.0,2025-09-27 20:57:00,2025-12-17 22:00:00
"ТОО ""Горная Эдельвейс""",unsafe_behavior,Поддержание чистоты и порядка,3,0,0.0,2025-02-20 20:40:00,2026-01-05 21:24:00
"ТОО ""Горная Эдельвейс""",unsafe_condition,Рабочее место / Эргономика,3,0,0.0,2025-10-15 18:11:00,2025-10-24 19:13:00
"ТОО ""Горная Эдельвейс""",unsafe_condition,Целостность объекта / Оборудования,3,0,0.0,2025-04-26 16:13:00,2025-11-28 15:48:00
"ТОО ""Грация Гортензии""",other,Падающие предметы,3,0,0.0,2025-07-04 23:41:00,2025-12-17 13:30:00
"ТОО ""Грация Гортензии""",unsafe_action,Проскальзывание / Спотыкание / Падение,3,0,0.0,2025-11-29 19:59:00,2026-02-13 14:25:00
"ТОО ""Дикая Ромашка""",other,Поддержание чистоты и порядка,3,0,0.0,2025-03-12 20:00:00,2025-10-19 12:20:00
"ТОО ""Дикая Ромашка""",unsafe_action,Поддержание чистоты и порядка,3,0,0.0,2025-07-12 22:15:00,2025-11-22 12:58:00
"ТОО ""Дикая Ромашка""",unsafe_condition,Поддержание чистоты и порядка,3,0,0.0,2025-07-14 15:00:00,2025-12-02 22:00:00
"ТОО ""Дикая Ромашка""",unsafe_condition,Рабочее место / Эргономика,3,0,0.0,2024-07-09 15:45:00,2025-10-24 22:15:00
"ТОО ""Дикая Ромашка""",unsafe_condition,Целостность объекта / Оборудования,3,0,0.0,2025-02-05 19:06:00,2025-10-22 21:50:00
"ТОО ""Дикая Ромашка""",unsafe_condition,Электрооборудование,3,0,0.0,2025-07-05 14:56:00,2025-09-21 15:04:00
"ТОО ""Жемчужная Фрезия""",good_practice,Выполнение требований инструкций,3,0,0.0,2025-06-23 16:00:00,2026-01-18 15:20:00
"ТОО ""Жемчужная Фрезия""",good_practice,Поддержание чистоты и порядка,3,0,0.0,2025-04-16 19:55:00,2025-11-22 18:00:00
"ТОО ""Жемчужная Фрезия""",good_practice,Целостность объекта / Оборудования,3,0,0.0,2025-02-10 16:00:00,2025-08-21 15:24:00
"ТОО ""Жемчужная Фрезия""",unsafe_condition,Поддержание чистоты и порядка,3,0,0.0,2025-02-17 20:21:00,2025-09-26 01:00:00
"ТОО ""Жемчужная Фрезия""",unsafe_condition,Электрооборудование,3,0,0.0,2025-05-20 16:20:00,2025-12-01 01:20:00
"ТОО ""Звёздный Амариллис""",danger_factor,Целостность объекта / Оборудования,3,0,0.0,2025-06-17 14:00:00,2025-10-01 19:00:00
"ТОО ""Звёздный Амариллис""",good_practice,СИЗ / Средства по обеспечению безопасности,3,0,0.0,2025-05-10 13:34:00,2026-01-15 15:00:00
"ТОО ""Звёздный Амариллис""",unsafe_action,Поддержание чистоты и порядка,3,0,0.0,2025-04-01 16:20:00,2025-11-19 14:45:00
"ТОО ""Звёздный Амариллис""",unsafe_condition,СИЗ / Средства по обеспечению безопасности,3,0,0.0,2025-07-24 16:00:00,2025-11-20 17:45:00
"ТОО ""Золотая Лилия""",good_practice,Поддержание чистоты и порядка,3,0,0.0,2025-08-21 21:55:00,2025-11-29 15:15:00
"ТОО ""Золотая Лилия""",unsafe_action,Транспортировка,3,0,0.0,2025-05-23 16:21:00,2026-01-28 15:10:00
"ТОО ""Золотая Лилия""",unsafe_condition,Машины и оборудование,3,0,0.0,2025-02-12 12:15:00,2025-09-15 15:02:00
"ТОО ""Золотая Лилия""",unsafe_condition,Целостность объекта / Оборудования,3,0,0.0,2025-01-15 19:15:00,2026-02-16 13:00:00
"ТОО ""Золотой Подсолнух""",danger_factor,Целостность объекта / Оборудования,3,0,0.0,2025-02-26 05:25:00,2025-05-18 17:00:00
"ТОО ""Золотой Подсолнух""",good_practice,Поддержание чистоты и порядка,3,0,0.0,2025-09-17 21:50:00,2025-11-24 12:10:00
"ТОО ""Золотой Подсолнух""",good_practice,Прочее,3,0,0.0,2025-07-28 13:10:00,2025-12-19 20:13:00
"ТОО ""Золотой Подсолнух""",good_practice,Рабочее место / Эргономика,3,0,0.0,2025-09-30 15:34:00,2025-11-28 22:00:00
"ТОО ""Золотой Подсолнух""",good_practice,Целостность объекта / Оборудования,3,0,0.0,2025-06-05 20:29:00,2025-12-18 15:50:00
"ТОО ""Золотой Подсолнух""",unsafe_condition,Проскальзывание / Спотыкание / Падение,3,0,0.0,2024-03-12 17:54:00,2025-10-10 15:15:00
"ТОО ""Золотой Подсолнух""",unsafe_condition,СИЗ / Средства по обеспечению безопасности,3,0,0.0,2025-07-05 19:50:00,2026-02-18 15:30:00
"ТОО ""Изумрудный Папоротник""",danger_factor,Машины и оборудование,3,0,0.0,2025-03-28 14:56:00,2026-02-09 15:05:00
"ТОО ""Изумрудный Папоротник""",other,Рабочее место / Эргономика,3,0,0.0,2025-07-28 18:52:00,2026-02-19 14:00:00
"ТОО ""Изумрудный Папоротник""",unsafe_action,Выполнение требований инструкций,3,0,0.0,2025-09-23 20:45:00,2025-12-31 20:25:00
"ТОО ""Изумрудный Папоротник""",unsafe_condition,Проскальзывание / Спотыкание / Падение,3,0,0.0,2024-09-18 22:34:00,2025-09-21 15:05:00
"ТОО ""Изумрудный Папоротник""",unsafe_condition,Рабочее место / Эргономика,3,0,0.0,2025-01-16 19:12:00,2025-10-21 22:57:00
"ТОО ""Изумрудный Папоротник""",unsafe_condition,СИЗ / Средства по обеспечению безопасности,3,0,0.0,2025-02-06 15:15:00,2025-10-03 17:00:00
"ТОО ""Имперская Орхидея""",unsafe_action,Вождение,3,0,0.0,2025-06-24 12:40:00,2025-08-12 18:10:00
"ТОО ""Имперская Орхидея""",unsafe_behavior,Поддержание чистоты и порядка,3,0,0.0,2025-01-23 14:40:00,2026-01-29 20:00:00
"ТОО ""Имперская Орхидея""",unsafe_condition,Машины и оборудование,3,0,0.0,2025-02-12 14:14:00,2025-07-22 14:39:00
"ТОО ""Имперская Орхидея""",unsafe_condition,Охрана окружающей среды,3,0,0.0,2025-10-05 03:00:00,2025-11-27 22:17:00
"ТОО ""Имперская Орхидея""",unsafe_condition,Рабочее место / Эргономика,3,0,0.0,2025-02-13 14:08:00,2025-10-29 14:47:00
"ТОО ""Каспийский Тюльпан""",danger_factor,Электрооборудование,3,0,0.0,2025-07-21 02:57:00,2025-10-11 15:30:00
"ТОО ""Каспийский Тюльпан""",good_practice,Поддержание чистоты и порядка,3,0,0.0,2025-07-25 15:59:00,2026-02-13 18:30:00
