feature,mutual_info
future_top1_similarity_14d,0.05433968258370825
future_max_similarity_14d,0.05363375277330085
future_incident_count_14d,0.05317757312835847
future_top3_mean_similarity_14d,0.05189941273975951
future_min_days_to_incident_14d,0.05127023737817904
future_mean_days_to_incident_14d,0.0508748407728139
future_mean_similarity_14d,0.05026349140847275
future_top3_mean_similarity_7d,0.03694763957187008
future_mean_similarity_7d,0.03659283538288294
future_max_similarity_7d,0.03609241140721886
future_mean_days_to_incident_7d,0.03556678299549465
future_top1_similarity_7d,0.035209140927641824
future_incident_count_7d,0.034874127590806214
incident_in_next_7d,0.03471245247014787
semantically_similar_incident_in_next_14d,0.03349160997596967
future_similar_incident_count_14d,0.03342382081121542
future_min_days_to_incident_7d,0.03322696704329453
future_similar_incident_count_7d,0.02194445567885861
future_severe_incident_count_14d,0.017322679148824682
severe_incident_in_next_14d,0.01675215690260423
future_severe_incident_count_7d,0.009942300429995887
future_mean_severity_14d,0.006808945143615741
future_mean_severity_7d,0.005258162949728695
future_max_severity_14d,0.0034970618977386847
future_max_severity_7d,0.003435754277063219
is_risk_signal,0.0032688283201948165
emb_213,0.003053312638624184
emb_15,0.0027235572918095086
emb_26,0.002632458281979
hazard_eliminated_flag,0.002442722185507451
past_risk_signal_count_14d,0.002310776603267617
month,0.0022300312258822785
past_risk_signal_count_7d,0.0021707377474458056
emb_133,0.002153061276905288
emb_92,0.0021525399159806335
emb_331,0.002122213979941945
emb_370,0.002082155793465823
emb_297,0.0020529340876627167
emb_345,0.0019338011910113861
emb_208,0.001895964576477227
emb_200,0.0018904115956936973
emb_347,0.0018350924829124704
emb_65,0.0018226985402572948
emb_198,0.0018156545568669413
emb_113,0.0018040186620174037
emb_357,0.0017823803044816344
emb_127,0.001772916576432304
emb_183,0.0017720637708844578
emb_37,0.0017686480837045826
emb_206,0.001749072207615665
emb_121,0.0016932373797750033
emb_244,0.001692642277722256
emb_266,0.0016570913062984305
emb_249,0.0016332960260689866
emb_188,0.0016092893855638168
past_korgau_count_7d,0.0015918013305060708
emb_45,0.0015856349238712042
emb_235,0.0015598335355102577
emb_71,0.0015596734930142242
emb_143,0.001557139937157781
emb_204,0.001527027944608239
emb_158,0.0015197328799932963
emb_248,0.001509112519857636
emb_17,0.0015019732478895875
emb_302,0.0014586049375836518
year,0.001442083049728815
emb_234,0.0014304601776372605
emb_277,0.0014291431396316057
day,0.0013591342019041441
emb_299,0.00134565980025525
emb_350,0.0013265730359819372
emb_382,0.0013215948101433783
emb_364,0.0012792138385042673
emb_0,0.0012761265808735045
emb_343,0.0012636842352730104
emb_149,0.0012492758613932287
emb_379,0.001234479676199829
emb_23,0.0011964573807149437
emb_197,0.0011919518752414593
emb_362,0.00117500669967463
past_korgau_count_1d,0.0011725722714284181
emb_311,0.0011632050870442612
emb_368,0.0011262327853508447
emb_352,0.001116884047999367
emb_131,0.0011075401303386467
emb_175,0.0010931751823070046
emb_22,0.0010926750666326868
emb_274,0.0010636753863441095
emb_292,0.0010549635490411102
emb_371,0.0010515976944661665
emb_146,0.0010395151214861453
emb_241,0.001034092797305819
emb_203,0.0010205674099974527
emb_378,0.0009904676995431405
emb_129,0.0009864701838169232
emb_245,0.0009719785254399538
emb_108,0.0009686516663718336
emb_205,0.000964370391553615
hour,0.0009561483848035124
emb_55,0.0009546211019629824
emb_327,0.0009350737441194967
emb_261,0.0009031007140665182
emb_236,0.0008977905357601124
emb_187,0.0008915635468875749
emb_25,0.0008890053109369411
emb_101,0.000887674626051882
emb_260,0.0008730192996835306
emb_336,0.0008569263816773365
emb_185,0.0008550772130034856
emb_199,0.0008434065191108564
emb_308,0.0008313368125202336
emb_373,0.0008243490524479924
emb_211,0.0008210299161294232
emb_139,0.0007938456192481125
emb_103,0.0007926717059112409
emb_177,0.0007850548335842644
emb_366,0.0007798975545342257
emb_219,0.0007754185655759471
emb_96,0.0007669130870919805
emb_152,0.0007593979817477337
emb_324,0.0007539864847754263
emb_154,0.0007490220142702952
emb_349,0.0007270222967457052
emb_97,0.0007200371890477841
emb_193,0.0007189740891081486
emb_276,0.0007091614531592461
emb_85,0.0006891595094886682
emb_42,0.0006830953754544122
emb_176,0.0006829851101878281
emb_339,0.0006812696645731586
emb_354,0.0006802267331820211
emb_58,0.0006751219183712687
emb_9,0.0006677329061645088
emb_54,0.0006451007182058932
emb_112,0.0006428068642402307
emb_155,0.0006359571161229649
emb_224,0.0006244568586825094
emb_29,0.000616894090863962
emb_318,0.0006137465205228176
emb_253,0.0006010202804035414
emb_233,0.0005987429865165206
emb_372,0.0005925956309857927
emb_134,0.0005855195087994813
emb_296,0.000582219937243944
emb_330,0.000581281900878805
emb_381,0.0005792276767038196
emb_165,0.0005664002372036681
emb_275,0.0005595041034364145
emb_11,0.0005570976712891973
emb_298,0.0005567677476610022
emb_62,0.0005487371129739849
emb_46,0.0005481248450371901
emb_36,0.0005418557529860424
emb_180,0.0005409479603106782
reported_to_responsible_flag,0.0005378757719572969
emb_136,0.0005181896756970561
emb_161,0.0005174271698940025
emb_5,0.0005155645869470149
emb_287,0.0005080051971291244
emb_8,0.0005053327332081858
emb_40,0.0004966729004131087
emb_215,0.000489517030032971
emb_142,0.00047947064039344234
emb_89,0.00047477402642503996
emb_374,0.00045906291836306234
emb_168,0.00045669880782617245
emb_50,0.0004447734486652255
emb_273,0.00044382692468847296
emb_53,0.0004359391727449813
emb_238,0.0004313609422570419
emb_125,0.00042763877055596033
emb_33,0.00042308653797207274
emb_232,0.0004092516671898583
emb_28,0.0004067388881361378
emb_223,0.0004039714849984888
emb_16,0.00040345572611688585
emb_326,0.0003832431946837467
emb_3,0.0003800514259700849
emb_132,0.0003777254803547514
emb_14,0.0003710997603514343
emb_24,0.00037080446101667164
emb_369,0.0003498699709856279
emb_250,0.00034755256246421506
emb_35,0.00034737670816797905
emb_307,0.0003460169432435434
emb_63,0.0003314432409716739
emb_216,0.00032886151130739893
emb_163,0.00032098992552365146
emb_246,0.00031545086320039495
emb_31,0.000307297859117317
emb_329,0.0003024114788139354
emb_104,0.0002897094270224443
emb_178,0.0002856760217924137
emb_217,0.00027700522325568855
emb_320,0.0002714997786948947
day_of_week,0.0002665670259319741
emb_353,0.00026031280670058
emb_79,0.00025932179007792655
emb_43,0.0002532889711485131
emb_360,0.0002455246939215838
emb_226,0.000245275611557183
emb_267,0.00024100448883512815
emb_230,0.000238928101222613
emb_173,0.0002388253878125024
emb_202,0.00023353079971444313
emb_227,0.00023097078399003657
emb_164,0.00022587420185837814
emb_10,0.00022484320711779748
emb_70,0.0002243728900331865
emb_128,0.00021938901567186697
emb_293,0.00021743507868177137
emb_66,0.0002101344631674218
emb_207,0.00020896523134283917
emb_167,0.00020843422399630107
emb_243,0.000198727585885905
emb_41,0.00019793425121061858
emb_81,0.00019648403219718613
emb_118,0.00019106392312862042
emb_257,0.0001889050477140719
emb_316,0.00018737629104637055
emb_20,0.00018398266059549417
emb_91,0.00017768820059793633
emb_315,0.00017546558335801432
emb_351,0.00017174052045920707
emb_242,0.00017171577255481463
emb_259,0.0001691349159322897
emb_377,0.00016524238551629544
emb_87,0.00014071555608108355
emb_240,0.00013147398536128563
emb_256,0.00011561008157789932
work_stopped_flag,0.0001142680886883074
emb_145,0.00011257302481837428
emb_105,7.83128074890449e-05
emb_195,7.674725553841188e-05
emb_179,6.701098020966967e-05
emb_130,6.587330531315772e-05
emb_123,5.684200265243522e-05
emb_56,5.149809821525242e-05
emb_319,2.9327812413937338e-05
emb_220,2.4278017039858213e-05
emb_159,1.3850429740336345e-05
emb_47,1.0151740667541098e-05
emb_201,9.860375769998875e-06
emb_325,8.198265815106964e-06
emb_312,3.7361837279537014e-07
emb_309,0.0
emb_310,0.0
emb_1,0.0
emb_2,0.0
emb_4,0.0
emb_300,0.0
emb_301,0.0
emb_303,0.0
emb_304,0.0
emb_305,0.0
emb_322,0.0
emb_93,0.0
emb_94,0.0
emb_95,0.0
emb_98,0.0
emb_99,0.0
emb_100,0.0
emb_102,0.0
emb_367,0.0
emb_88,0.0
emb_90,0.0
emb_355,0.0
emb_356,0.0
emb_358,0.0
emb_359,0.0
emb_361,0.0
emb_363,0.0
emb_365,0.0
is_weekend,0.0
past_korgau_count_14d,0.0
emb_344,0.0
emb_346,0.0
emb_348,0.0
is_good_practice,0.0
emb_61,0.0
emb_186,0.0
emb_189,0.0
emb_190,0.0
emb_191,0.0
emb_192,0.0
emb_194,0.0
emb_196,0.0
emb_174,0.0
emb_181,0.0
emb_182,0.0
emb_184,0.0
emb_166,0.0
emb_169,0.0
emb_170,0.0
emb_171,0.0
emb_172,0.0
emb_156,0.0
emb_157,0.0
emb_13,0.0
emb_160,0.0
emb_162,0.0
emb_237,0.0
emb_239,0.0
emb_228,0.0
emb_229,0.0
emb_231,0.0
emb_218,0.0
emb_323,0.0
emb_221,0.0
emb_222,0.0
emb_225,0.0
emb_375,0.0
emb_209,0.0
emb_210,0.0
emb_212,0.0
emb_214,0.0
emb_114,0.0
emb_80,0.0
emb_82,0.0
emb_83,0.0
emb_84,0.0
emb_86,0.0
emb_151,0.0
emb_153,0.0
emb_72,0.0
emb_73,0.0
emb_74,0.0
emb_75,0.0
emb_76,0.0
emb_77,0.0
emb_78,0.0
emb_64,0.0
emb_67,0.0
emb_68,0.0
emb_69,0.0
emb_147,0.0
emb_148,0.0
emb_150,0.0
emb_342,0.0
emb_57,0.0
emb_59,0.0
emb_60,0.0
emb_247,0.0
emb_251,0.0
emb_252,0.0
emb_254,0.0
emb_255,0.0
emb_341,0.0
emb_48,0.0
emb_49,0.0
emb_51,0.0
emb_52,0.0
emb_38,0.0
emb_39,0.0
emb_44,0.0
emb_27,0.0
emb_30,0.0
emb_32,0.0
emb_34,0.0
emb_288,0.0
emb_289,0.0
emb_290,0.0
emb_291,0.0
emb_294,0.0
emb_295,0.0
emb_279,0.0
emb_280,0.0
emb_281,0.0
emb_282,0.0
emb_283,0.0
emb_284,0.0
emb_285,0.0
emb_286,0.0
emb_268,0.0
emb_269,0.0
emb_270,0.0
emb_271,0.0
emb_272,0.0
emb_278,0.0
emb_258,0.0
emb_262,0.0
emb_263,0.0
emb_264,0.0
emb_265,0.0
emb_306,0.0
emb_137,0.0
emb_138,0.0
emb_140,0.0
emb_141,0.0
emb_144,0.0
emb_124,0.0
emb_126,0.0
emb_340,0.0
emb_135,0.0
emb_115,0.0
emb_116,0.0
emb_117,0.0
emb_119,0.0
emb_120,0.0
emb_122,0.0
emb_338,0.0
emb_106,0.0
emb_107,0.0
emb_109,0.0
emb_110,0.0
emb_111,0.0
emb_376,0.0
location,0.0
region,0.0
emb_380,0.0
korgau_id,0.0
emb_334,0.0
emb_337,0.0
emb_328,0.0
emb_332,0.0
emb_333,0.0
emb_317,0.0
emb_335,0.0
emb_321,0.0
emb_18,0.0
emb_19,0.0
emb_21,0.0
emb_383,0.0
emb_313,0.0
emb_314,0.0
emb_6,0.0
emb_7,0.0
emb_12,0.0
