query_index,query_id,query_org,query_risk_score,query_description,similar_incident_id,similar_org,similar_risk_score,similarity,similar_description
41,73,"ТОО ""Floraison KZ""",2.5,"14.05.2025г. в 15:30ч слесарь по ремонту автомобилей подрядной организации ЧУ «Samruk Business Academy» (аутстаффинг) ТОО «Ойл Транспорт Корпорейшэн», в смотровой яме при выполнении работ по замене втулки задней рессоры на автобусе «Toyota Coaster» получил травму правого глаза в результате воздействия инструмента (отвертки).",73,"ТОО ""Жасмин Люкс""",2.166666666666667,0.640264,"Трубопроводчик линейный Аварийно-восстановительного пункта Атырауского нефтепроводного управления, при выполнении работ по зачистке стенда под покраску для конкурса «Лучший по профессии» получил травму правого глаза."
41,41,"ТОО ""Floraison KZ""",2.5,"14.05.2025г. в 15:30ч слесарь по ремонту автомобилей подрядной организации ЧУ «Samruk Business Academy» (аутстаффинг) ТОО «Ойл Транспорт Корпорейшэн», в смотровой яме при выполнении работ по замене втулки задней рессоры на автобусе «Toyota Coaster» получил травму правого глаза в результате воздействия инструмента (отвертки).",41,"ТОО ""Белая Магнолия""",,0.627889,"02.05.2025 года, примерно в 07 часов 12 минут, на участке автодороги между п. Доссор и г. Кульсары произошло дорожно-транспортное происшествие с участием автобуса марки Toyota Coaster, принадлежащего подрядной организации ТОО «NUR-TILEK TRANSSERVICE». Во время перевозки двух работников ТОО «KMG EP-Catering» из города Атырау автобус столкнулся с дорожной строительной техникой марки МТЗ-80, находившейся на правой стороне дороги. Пострадавших нет. В настоящее время устанавливаются причины и обстоятельства произошедшего. Проводится расследование."
41,43,"ТОО ""Floraison KZ""",2.5,"14.05.2025г. в 15:30ч слесарь по ремонту автомобилей подрядной организации ЧУ «Samruk Business Academy» (аутстаффинг) ТОО «Ойл Транспорт Корпорейшэн», в смотровой яме при выполнении работ по замене втулки задней рессоры на автобусе «Toyota Coaster» получил травму правого глаза в результате воздействия инструмента (отвертки).",43,"ТОО ""Floraison KZ""",2.5,0.565912,"На территории Производственно-ремонтного цеха ТОО «Ойл Транспорт Корпорейшэн» при проведении ремонтных работ кондиционера на автобусе, слесарь по ремонту и обслуживания систем вентиляции и кондиционирования подрядной организации (аутстаффинг) ЧУ «Samruk Business Academy»  получил производственную травму (ушибы тела) в результате падения с высоты (с приставной лестницы)."
41,83,"ТОО ""Floraison KZ""",2.5,"14.05.2025г. в 15:30ч слесарь по ремонту автомобилей подрядной организации ЧУ «Samruk Business Academy» (аутстаффинг) ТОО «Ойл Транспорт Корпорейшэн», в смотровой яме при выполнении работ по замене втулки задней рессоры на автобусе «Toyota Coaster» получил травму правого глаза в результате воздействия инструмента (отвертки).",83,"ТОО ""Роза Ветров KZ""",2.5,0.552512,"26.03.2025 года, на трассе Атырау – Доссор на 31 км., при повороте на автодорогу ИГХК (в сторону завода KPI) произошло ДТП, с участием автобуса TOYOTA COASTER подрядной организации ТОО «ОмарАвто» и стороннего автотранспорта Лада «Vesta», В результате ДТП в автомобиле Lada Vesta погибли 3 человека, ещё 2 пассажира получили различные травмы и были госпитализированы. Кроме того, 3 работника подрядных организаций и 6 сотрудников ТОО «KPI Inc.» направлены на медицинский осмотр."
41,123,"ТОО ""Floraison KZ""",2.5,"14.05.2025г. в 15:30ч слесарь по ремонту автомобилей подрядной организации ЧУ «Samruk Business Academy» (аутстаффинг) ТОО «Ойл Транспорт Корпорейшэн», в смотровой яме при выполнении работ по замене втулки задней рессоры на автобусе «Toyota Coaster» получил травму правого глаза в результате воздействия инструмента (отвертки).",123,"ТОО ""Весенний Букет""",,0.52816,"Инцидент Жаңаөзен-Қарамандыбас бағытымен келе жатқан КамАЗ-43118 маркалы, мемлекеттік белгісі 594 АВ 12 арнайы техникасының №3 МГӨК-ке бұрылу кезінде жекеменшік Киа м/б 37 RD 797 (ARM) жеңіл көлігімен соқтығысу болған. Соқтығысу арнайы техниканың артқы дөңгелегі мен жеңіл көліктің бампері арасында орын алды."
41,82,"ТОО ""Floraison KZ""",2.5,"14.05.2025г. в 15:30ч слесарь по ремонту автомобилей подрядной организации ЧУ «Samruk Business Academy» (аутстаффинг) ТОО «Ойл Транспорт Корпорейшэн», в смотровой яме при выполнении работ по замене втулки задней рессоры на автобусе «Toyota Coaster» получил травму правого глаза в результате воздействия инструмента (отвертки).",82,"ТОО ""Camellia Trade""",,0.520927,"Оператор 3 разряда, после завершения работы по смене троса станка качалки, при спуске по лестнице рабочей площадки, споткнувшись упал на землю и при падении получил травму левой руки."
41,77,"ТОО ""Floraison KZ""",2.5,"14.05.2025г. в 15:30ч слесарь по ремонту автомобилей подрядной организации ЧУ «Samruk Business Academy» (аутстаффинг) ТОО «Ойл Транспорт Корпорейшэн», в смотровой яме при выполнении работ по замене втулки задней рессоры на автобусе «Toyota Coaster» получил травму правого глаза в результате воздействия инструмента (отвертки).",77,"ТОО ""Весенний Букет""",2.090909090909091,0.490691,"Оператор при подготовке к ремонту станка-качалки скважины № 6038, при отсоединении троса от траверсы, поскользнулся и упал, в результате чего получил травму правой ноги."
41,190,"ТОО ""Floraison KZ""",2.5,"14.05.2025г. в 15:30ч слесарь по ремонту автомобилей подрядной организации ЧУ «Samruk Business Academy» (аутстаффинг) ТОО «Ойл Транспорт Корпорейшэн», в смотровой яме при выполнении работ по замене втулки задней рессоры на автобусе «Toyota Coaster» получил травму правого глаза в результате воздействия инструмента (отвертки).",190,"ТОО ""Белая Магнолия""",,0.487899,"9 июня 2025 года примерно в 06:20 на перекрёстке проспектов К. Сатпаева и И. Тайманова в городе Атырау произошло дорожно-транспортное происшествие с участием автобуса марки Hyundai Universe, принадлежащего ТОО «NUR-TILEK TRANSSERVICE». В ходе поворота со второй полосы автобус столкнулся с микроавтобусом Toyota Hiace, выполнявшим поворот с первой полосы. В результате ДТП пострадавших нет."
41,215,"ТОО ""Floraison KZ""",2.5,"14.05.2025г. в 15:30ч слесарь по ремонту автомобилей подрядной организации ЧУ «Samruk Business Academy» (аутстаффинг) ТОО «Ойл Транспорт Корпорейшэн», в смотровой яме при выполнении работ по замене втулки задней рессоры на автобусе «Toyota Coaster» получил травму правого глаза в результате воздействия инструмента (отвертки).",215,"ТОО ""Весенний Букет""",2.0476190476190474,0.483916,"26.01.2026 жылы сағат 18:30 шамасында Қоғамға қарасты №4 МГӨБ-ның №4 Қабат қысымын сақтау цехының бастық орынбасары М.Байтуров өзіне бөлінген «МұнайСпецСнабКомпани» ЖШС-ның маркасы Mitsubishi L-200 мемлекеттік нөмері 788 AER12 қызметтік көлігімен №4 МГӨЦ-ның қасындағы «Өзен – Қарамандыбас» тас жолында маркасы SHACMAN мемлекеттік нөмері 041MBZ12 жекеменшік соқтығысып, жол көлік оқиғасы орын алады. Дереу жолда келе жатқан басқа автокөліктер тоқтап, жедел жәрдем шақырады. «Жалымбетов» ЖШС-нің жедел - жәрдем келгенге дейін оқиға орнындағы адамдар М.Байтуровты және Н.Қамаловты көліктен шығарған. Оқиға орнына келген жедел - жәрдем М.Байтуровты жағдайы ауыр болуына байланысты, бірінші кезекте көмек көрсетіп, Жаңаөзен қаласының көпбейінді ауруханасына жеткізген. Нәтижесінде М.Байтуров Жаңаөзен қаласының көпбейінді ауруханасының қабылдау бөлімінде қайтыс болады."
41,94,"ТОО ""Floraison KZ""",2.5,"14.05.2025г. в 15:30ч слесарь по ремонту автомобилей подрядной организации ЧУ «Samruk Business Academy» (аутстаффинг) ТОО «Ойл Транспорт Корпорейшэн», в смотровой яме при выполнении работ по замене втулки задней рессоры на автобусе «Toyota Coaster» получил травму правого глаза в результате воздействия инструмента (отвертки).",94,"ТОО ""Гүл Әлемі""",,0.470372,"Кубейсинов Тойлыбек Джолдыбаевич
слесарь по ремонту автомобилей (занятый ремонтом верхнего оборудования) 3 разряда
12.10.1975"
42,82,"ТОО ""Floraison KZ""",2.5,"На территории Производственно-ремонтного цеха ТОО «Ойл Транспорт Корпорейшэн» при проведении ремонтных работ кондиционера на автобусе, слесарь по ремонту и обслуживания систем вентиляции и кондиционирования подрядной организации (аутстаффинг) ЧУ «Samruk Business Academy»  получил производственную травму (ушибы тела) в результате падения с высоты (с приставной лестницы).",82,"ТОО ""Camellia Trade""",,0.660362,"Оператор 3 разряда, после завершения работы по смене троса станка качалки, при спуске по лестнице рабочей площадки, споткнувшись упал на землю и при падении получил травму левой руки."
42,223,"ТОО ""Floraison KZ""",2.5,"На территории Производственно-ремонтного цеха ТОО «Ойл Транспорт Корпорейшэн» при проведении ремонтных работ кондиционера на автобусе, слесарь по ремонту и обслуживания систем вентиляции и кондиционирования подрядной организации (аутстаффинг) ЧУ «Samruk Business Academy»  получил производственную травму (ушибы тела) в результате падения с высоты (с приставной лестницы).",223,"ТОО ""Алма Гүл""",1.0909090909090908,0.618677,"На участке месторождения «Юго-Восточное Камышитовое» (НГДУ «Жайыкмунайгаз») около 11:20 час. старший инженер Атырауского филиала ТОО «КМГ Инжиниринг» Кадрешов Б. (30.06.1991г.), при подъеме по лестнице на печь подогрева ПТ-16/150, поскользнулся и упал. 
После проишествия уехали в город и обратились в городской травмпункт, где выявили травму."
42,77,"ТОО ""Floraison KZ""",2.5,"На территории Производственно-ремонтного цеха ТОО «Ойл Транспорт Корпорейшэн» при проведении ремонтных работ кондиционера на автобусе, слесарь по ремонту и обслуживания систем вентиляции и кондиционирования подрядной организации (аутстаффинг) ЧУ «Samruk Business Academy»  получил производственную травму (ушибы тела) в результате падения с высоты (с приставной лестницы).",77,"ТОО ""Весенний Букет""",2.090909090909091,0.585037,"Оператор при подготовке к ремонту станка-качалки скважины № 6038, при отсоединении троса от траверсы, поскользнулся и упал, в результате чего получил травму правой ноги."
42,42,"ТОО ""Floraison KZ""",2.5,"На территории Производственно-ремонтного цеха ТОО «Ойл Транспорт Корпорейшэн» при проведении ремонтных работ кондиционера на автобусе, слесарь по ремонту и обслуживания систем вентиляции и кондиционирования подрядной организации (аутстаффинг) ЧУ «Samruk Business Academy»  получил производственную травму (ушибы тела) в результате падения с высоты (с приставной лестницы).",42,"ТОО ""Floraison KZ""",2.5,0.565912,"14.05.2025г. в 15:30ч слесарь по ремонту автомобилей подрядной организации ЧУ «Samruk Business Academy» (аутстаффинг) ТОО «Ойл Транспорт Корпорейшэн», в смотровой яме при выполнении работ по замене втулки задней рессоры на автобусе «Toyota Coaster» получил травму правого глаза в результате воздействия инструмента (отвертки)."
42,79,"ТОО ""Floraison KZ""",2.5,"На территории Производственно-ремонтного цеха ТОО «Ойл Транспорт Корпорейшэн» при проведении ремонтных работ кондиционера на автобусе, слесарь по ремонту и обслуживания систем вентиляции и кондиционирования подрядной организации (аутстаффинг) ЧУ «Samruk Business Academy»  получил производственную травму (ушибы тела) в результате падения с высоты (с приставной лестницы).",79,"ТОО ""Весенний Букет""",,0.564845,"Во время подготовки скважины №1612 к текущему ремонту, оператор ДНГ при самовольном подъёме на пирамиду станка-качалки для откидывания головки балансира поскользнувшись упал на землю."
42,76,"ТОО ""Floraison KZ""",2.5,"На территории Производственно-ремонтного цеха ТОО «Ойл Транспорт Корпорейшэн» при проведении ремонтных работ кондиционера на автобусе, слесарь по ремонту и обслуживания систем вентиляции и кондиционирования подрядной организации (аутстаффинг) ЧУ «Samruk Business Academy»  получил производственную травму (ушибы тела) в результате падения с высоты (с приставной лестницы).",76,"ТОО ""Весенний Букет""",2.5,0.549336,Во время осуществления погрузки подземного оборудования (штанги на полуприцеп авто-транспортного средства) стропальщик упал с площадки полуприцепа на землю.
42,166,"ТОО ""Floraison KZ""",2.5,"На территории Производственно-ремонтного цеха ТОО «Ойл Транспорт Корпорейшэн» при проведении ремонтных работ кондиционера на автобусе, слесарь по ремонту и обслуживания систем вентиляции и кондиционирования подрядной организации (аутстаффинг) ЧУ «Samruk Business Academy»  получил производственную травму (ушибы тела) в результате падения с высоты (с приставной лестницы).",166,"ТОО ""Весенний Букет""",,0.523379,"Балмухаммедов Джумабек Каржаувич
Бұрғылау жұмыстары басқармасына қарасты
скважинаны күрделі және жер асты жөндеу цехына қарасты 5 дәрежелі скважинаны
күрделі жөндеу бұрғышысы
25.04.1976"
42,130,"ТОО ""Floraison KZ""",2.5,"На территории Производственно-ремонтного цеха ТОО «Ойл Транспорт Корпорейшэн» при проведении ремонтных работ кондиционера на автобусе, слесарь по ремонту и обслуживания систем вентиляции и кондиционирования подрядной организации (аутстаффинг) ЧУ «Samruk Business Academy»  получил производственную травму (ушибы тела) в результате падения с высоты (с приставной лестницы).",130,"ТОО ""Весенний Букет""",2.090909090909091,0.521115,"04.04.2025 жылы сағат 11:45 шамасында «Өзенмұнайгаз» АҚ-на қарасты Бұрғылау жұмыстары басқармасының Скважиналарды күрделі және жерасты жөндеу цехының №20 жерасты жөндеу бригадасының 5-ші дәрежелі жерасты жөндеу операторы С.Кванышбеков  №3 Мұнай және газ өндіру басқармасының №62 топтық қондырғысына қарасты №8312 скважинасының сораптық шыбығын қолмен бұрап жатқан кезінде, жоғарыда тұрған шыбықтық қармақтан шыбық элеваторы шығып кетіп, төмен қарай сырғып С.Кванышбековтың оң қолына түсіп, жарақат алады. Дереу бригада шебері К.Калиев жедел жәрдем шақыртады. «Жалымбетов медициналық орталығы» ЖШС-нің жедел жәрдемі келіп, алғашқы медициналық көмек көрсетілгеннен соң, әрі қарай С.Кванышбековты Жанаөзен қалалық көпбейінді ауруханасына жеткізеді."
42,75,"ТОО ""Floraison KZ""",2.5,"На территории Производственно-ремонтного цеха ТОО «Ойл Транспорт Корпорейшэн» при проведении ремонтных работ кондиционера на автобусе, слесарь по ремонту и обслуживания систем вентиляции и кондиционирования подрядной организации (аутстаффинг) ЧУ «Samruk Business Academy»  получил производственную травму (ушибы тела) в результате падения с высоты (с приставной лестницы).",75,"ТОО ""Весенний Букет""",2.5,0.514295,"Слесарь-ремонтник проводил подготовку к сварочным работам резервного трубопровода (Ø530х12мм) между кормассами №8 и №11 на территории НГДУ-1. Во время осмотра трубопровода в траншее произошло обрушение грунта, в результате чего слесарь-ремонтник получил травму левой ноги."
42,83,"ТОО ""Floraison KZ""",2.5,"На территории Производственно-ремонтного цеха ТОО «Ойл Транспорт Корпорейшэн» при проведении ремонтных работ кондиционера на автобусе, слесарь по ремонту и обслуживания систем вентиляции и кондиционирования подрядной организации (аутстаффинг) ЧУ «Samruk Business Academy»  получил производственную травму (ушибы тела) в результате падения с высоты (с приставной лестницы).",83,"ТОО ""Роза Ветров KZ""",2.5,0.511349,"26.03.2025 года, на трассе Атырау – Доссор на 31 км., при повороте на автодорогу ИГХК (в сторону завода KPI) произошло ДТП, с участием автобуса TOYOTA COASTER подрядной организации ТОО «ОмарАвто» и стороннего автотранспорта Лада «Vesta», В результате ДТП в автомобиле Lada Vesta погибли 3 человека, ещё 2 пассажира получили различные травмы и были госпитализированы. Кроме того, 3 работника подрядных организаций и 6 сотрудников ТОО «KPI Inc.» направлены на медицинский осмотр."
74,81,"ТОО ""Весенний Букет""",2.5,"Слесарь-ремонтник проводил подготовку к сварочным работам резервного трубопровода (Ø530х12мм) между кормассами №8 и №11 на территории НГДУ-1. Во время осмотра трубопровода в траншее произошло обрушение грунта, в результате чего слесарь-ремонтник получил травму левой ноги.",81,"ТОО ""Гүл Шабыт""",2.0625,0.747042,"При проведении демонтажных работ трубопровода Ø219мм и толщиной 10 мм на участке №1, в процессе выполнения резки произошел внезапный отскок отрезанного участка трубы, который ударил газоэлектросварщика 5 разряда верхнюю часть левой голени."
74,74,"ТОО ""Весенний Букет""",2.5,"Слесарь-ремонтник проводил подготовку к сварочным работам резервного трубопровода (Ø530х12мм) между кормассами №8 и №11 на территории НГДУ-1. Во время осмотра трубопровода в траншее произошло обрушение грунта, в результате чего слесарь-ремонтник получил травму левой ноги.",74,"ТОО ""Весенний Букет""",,0.733933,"Во время проведения сварочных работ на территории около резервуара №5 УПСВ №2, УПНПО, при проезде  Камаза по временно уложенной на поверхности земли трубе она соскользнув зажала правую ногу газорезчика находившегося рядом."
74,77,"ТОО ""Весенний Букет""",2.5,"Слесарь-ремонтник проводил подготовку к сварочным работам резервного трубопровода (Ø530х12мм) между кормассами №8 и №11 на территории НГДУ-1. Во время осмотра трубопровода в траншее произошло обрушение грунта, в результате чего слесарь-ремонтник получил травму левой ноги.",77,"ТОО ""Весенний Букет""",2.090909090909091,0.63263,"Оператор при подготовке к ремонту станка-качалки скважины № 6038, при отсоединении троса от траверсы, поскользнулся и упал, в результате чего получил травму правой ноги."
74,120,"ТОО ""Весенний Букет""",2.5,"Слесарь-ремонтник проводил подготовку к сварочным работам резервного трубопровода (Ø530х12мм) между кормассами №8 и №11 на территории НГДУ-1. Во время осмотра трубопровода в траншее произошло обрушение грунта, в результате чего слесарь-ремонтник получил травму левой ноги.",120,"ТОО ""Весенний Букет""",2.5,0.618786,"09.07.2025 жылы сағат 14.30 шамасында «Өзенмұнайгаз» АҚ-ға қарасты №1 Мұнай және газ өндіру басқармасының №88 топтық қондырғысының №7337 скважинасында «МұнайФилдСервис» ЖШС-нің №6 күрделі жөндеу бригадасында көтеріп-түсіру жұмыстары кезінде белгісіз себептермен элеватор шыбықпен (штанга) бірге ілмектен шығып кетіп, 3-ші дәрежелі бұрғышының көмекшісі Ы.Таласбаевтың басына соғып 
жарақат алды. 
Оқиға орнына келген Жаңаөзен қаласының жедел-жәрдемі медициналық көмек көрсетіп, содан Жаңаөзен қалалық көпбейінді ауруханасына жеткізілді."
74,204,"ТОО ""Весенний Букет""",2.5,"Слесарь-ремонтник проводил подготовку к сварочным работам резервного трубопровода (Ø530х12мм) между кормассами №8 и №11 на территории НГДУ-1. Во время осмотра трубопровода в траншее произошло обрушение грунта, в результате чего слесарь-ремонтник получил травму левой ноги.",204,"ТОО ""Весенний Букет""",,0.609353,"31.10.2025 жылы «Өзенмұнайгаз» АҚ-на қарасты №4 Мұнай және газ өндіру басқармасының №7 мұнай және газ өндіру цехының №79 топтық қондырғысына қарасты 5-ші дәрежелі МГӨ операторы Н.Өтеген кесте бойынша жұмысқа шығып, сағат 16:00 шамасында №676 тербелмелі қондырғыны жерасты жөндеу жұмыстарына дайындау барысында, берілген арнайы техниканы (АРОК) пайдаланбай тербелмелі қондырғының басын өз күшімен қайыру кезінде тайып құлап, жарақат алады. Дереу жедел - жәрдем шақыртылып, Н.Өтегенге алғашқы медициналық көмек көрсетілген соң, әрі қарай Жаңаөзен қалалық көпбейінді ауруханасына жеткізілді."
74,130,"ТОО ""Весенний Букет""",2.5,"Слесарь-ремонтник проводил подготовку к сварочным работам резервного трубопровода (Ø530х12мм) между кормассами №8 и №11 на территории НГДУ-1. Во время осмотра трубопровода в траншее произошло обрушение грунта, в результате чего слесарь-ремонтник получил травму левой ноги.",130,"ТОО ""Весенний Букет""",2.090909090909091,0.583279,"04.04.2025 жылы сағат 11:45 шамасында «Өзенмұнайгаз» АҚ-на қарасты Бұрғылау жұмыстары басқармасының Скважиналарды күрделі және жерасты жөндеу цехының №20 жерасты жөндеу бригадасының 5-ші дәрежелі жерасты жөндеу операторы С.Кванышбеков  №3 Мұнай және газ өндіру басқармасының №62 топтық қондырғысына қарасты №8312 скважинасының сораптық шыбығын қолмен бұрап жатқан кезінде, жоғарыда тұрған шыбықтық қармақтан шыбық элеваторы шығып кетіп, төмен қарай сырғып С.Кванышбековтың оң қолына түсіп, жарақат алады. Дереу бригада шебері К.Калиев жедел жәрдем шақыртады. «Жалымбетов медициналық орталығы» ЖШС-нің жедел жәрдемі келіп, алғашқы медициналық көмек көрсетілгеннен соң, әрі қарай С.Кванышбековты Жанаөзен қалалық көпбейінді ауруханасына жеткізеді."
74,205,"ТОО ""Весенний Букет""",2.5,"Слесарь-ремонтник проводил подготовку к сварочным работам резервного трубопровода (Ø530х12мм) между кормассами №8 и №11 на территории НГДУ-1. Во время осмотра трубопровода в траншее произошло обрушение грунта, в результате чего слесарь-ремонтник получил травму левой ноги.",205,"ТОО ""Весенний Букет""",2.0476190476190474,0.576874,"14.12.2025 жылы «Өзенмұнайгаз» АҚ-на қарасты №5 Скважиналарға қызмет көрсету басқармасының цементтеу агрегатының моторисі бекітілген кестеге сәйкес 1-кезекке жұмысқа шығып, жолдама қағазын алып, медициналық тексеруден өткен. Арнайы техникасымен СИН-35, м/б 154 АР12
цементтеу агрегатының моторисі А. Абиев екеуі жолдама қағазында көрсетілген маршрутқа сәйкес №1 Мұнай және газ өндіру басқармасының №8 мұнай және газ өндіру цехына барған. Аталған жерде оларға №7 топтық қондырғыда орналасқан №4124 скважинасына продавка жүргізу тапсырмасы берілген. Скважина басына келген соң СИН-35 арнайы техникасы орналастырылып, К. Кордабаев арнайы техниканың сорабының шлангасын АЦН техникасына жалғау үшін кабинадан түсіп, жаяу қозғалған сәтінде жердегі мұзға тайып құлап, жарақат алған. Дереу жедел жәрдем шақырылып, К. Кордабаевқа алғашқы медициналық көмек көрсетілген кейін, Жаңаөзен қалалық көпбейінді ауруханасына жеткізіліп, медициналық көмек көрсетілгеннен кейін үйіне жіберілген."
74,107,"ТОО ""Весенний Букет""",2.5,"Слесарь-ремонтник проводил подготовку к сварочным работам резервного трубопровода (Ø530х12мм) между кормассами №8 и №11 на территории НГДУ-1. Во время осмотра трубопровода в траншее произошло обрушение грунта, в результате чего слесарь-ремонтник получил травму левой ноги.",107,"ТОО ""Тюльпан Премиум""",2.0625,0.560886,"30.06.2025 жылы сағат 15.30 шамасында «Өзенмұнайгаз» 
АҚ-ға қарасты №4 Мұнай және газ өндіру басқармасының №79 топтық қондырғысының №945 
скважинасында «МұнайФилдСервис» ЖШС-нің №1 бригадасында көтергіш агрегатты 
монтаждауды күту кезінде, 5-ші дәрежелі көтергіш машинисті К.Бөпешов көтергіш агрегаттың 
астынан май ағып жатқанын байқап, ағып тұрған жерді анықтау мақсатында агрегаттың астына 
кірген, осы сәтте белгісіз себептермен көтергіш агрегат артқа қарай қозғалып К.Бөпешты басып 
кеткен.
Оқиға орнына келген жедел-жәрдем қызметі зардап шеккенге алғашқы медициналық 
көмек көрсетіп, оны Жаңаөзен қалалық көпбейінді ауруханасына жеткізді. Алайда алған 
жарақатының ауырлығынан К.Бөпешов қайтыс болды.
Оқиғаның мән-жайы анықталуда."
74,73,"ТОО ""Весенний Букет""",2.5,"Слесарь-ремонтник проводил подготовку к сварочным работам резервного трубопровода (Ø530х12мм) между кормассами №8 и №11 на территории НГДУ-1. Во время осмотра трубопровода в траншее произошло обрушение грунта, в результате чего слесарь-ремонтник получил травму левой ноги.",73,"ТОО ""Жасмин Люкс""",2.166666666666667,0.541843,"Трубопроводчик линейный Аварийно-восстановительного пункта Атырауского нефтепроводного управления, при выполнении работ по зачистке стенда под покраску для конкурса «Лучший по профессии» получил травму правого глаза."
74,76,"ТОО ""Весенний Букет""",2.5,"Слесарь-ремонтник проводил подготовку к сварочным работам резервного трубопровода (Ø530х12мм) между кормассами №8 и №11 на территории НГДУ-1. Во время осмотра трубопровода в траншее произошло обрушение грунта, в результате чего слесарь-ремонтник получил травму левой ноги.",76,"ТОО ""Весенний Букет""",2.5,0.541092,Во время осуществления погрузки подземного оборудования (штанги на полуприцеп авто-транспортного средства) стропальщик упал с площадки полуприцепа на землю.
75,77,"ТОО ""Весенний Букет""",2.5,Во время осуществления погрузки подземного оборудования (штанги на полуприцеп авто-транспортного средства) стропальщик упал с площадки полуприцепа на землю.,77,"ТОО ""Весенний Букет""",2.090909090909091,0.712198,"Оператор при подготовке к ремонту станка-качалки скважины № 6038, при отсоединении троса от траверсы, поскользнулся и упал, в результате чего получил травму правой ноги."
75,79,"ТОО ""Весенний Букет""",2.5,Во время осуществления погрузки подземного оборудования (штанги на полуприцеп авто-транспортного средства) стропальщик упал с площадки полуприцепа на землю.,79,"ТОО ""Весенний Букет""",,0.702103,"Во время подготовки скважины №1612 к текущему ремонту, оператор ДНГ при самовольном подъёме на пирамиду станка-качалки для откидывания головки балансира поскользнувшись упал на землю."
75,82,"ТОО ""Весенний Букет""",2.5,Во время осуществления погрузки подземного оборудования (штанги на полуприцеп авто-транспортного средства) стропальщик упал с площадки полуприцепа на землю.,82,"ТОО ""Camellia Trade""",,0.69133,"Оператор 3 разряда, после завершения работы по смене троса станка качалки, при спуске по лестнице рабочей площадки, споткнувшись упал на землю и при падении получил травму левой руки."
75,78,"ТОО ""Весенний Букет""",2.5,Во время осуществления погрузки подземного оборудования (штанги на полуприцеп авто-транспортного средства) стропальщик упал с площадки полуприцепа на землю.,78,"ТОО ""Весенний Букет""",2.0625,0.573097,"Во время ручного прикручивания штанги к плунжерному насосу на скважине №8312 ГУ № 62 НГДУ-3 оператором ПРС бригады №20 ЦПКРС УБР, штанговый элеватор соскочил с крюка и соскользнув по штанге, упал на правую руку оператора."
75,221,"ТОО ""Весенний Букет""",2.5,Во время осуществления погрузки подземного оборудования (штанги на полуприцеп авто-транспортного средства) стропальщик упал с площадки полуприцепа на землю.,221,"ТОО ""Flora Capital""",,0.550429,"03.01.2026 около 9:30 утра, возле контрольно-пропускного пункта TCO #7, когда самосвал субподрядчика перевозил материалы из карьера Kedenlyk 1.6 на площадку GSC, произошла утечка дизельного топлива из дизельного бака самосвала. Общий объём разлива составлял около 50 литров, из которых большая часть утечки находилась в капельном лотке, и примерно 3 литра попало на землю."
75,43,"ТОО ""Весенний Букет""",2.5,Во время осуществления погрузки подземного оборудования (штанги на полуприцеп авто-транспортного средства) стропальщик упал с площадки полуприцепа на землю.,43,"ТОО ""Floraison KZ""",2.5,0.549336,"На территории Производственно-ремонтного цеха ТОО «Ойл Транспорт Корпорейшэн» при проведении ремонтных работ кондиционера на автобусе, слесарь по ремонту и обслуживания систем вентиляции и кондиционирования подрядной организации (аутстаффинг) ЧУ «Samruk Business Academy»  получил производственную травму (ушибы тела) в результате падения с высоты (с приставной лестницы)."
75,74,"ТОО ""Весенний Букет""",2.5,Во время осуществления погрузки подземного оборудования (штанги на полуприцеп авто-транспортного средства) стропальщик упал с площадки полуприцепа на землю.,74,"ТОО ""Весенний Букет""",,0.548845,"Во время проведения сварочных работ на территории около резервуара №5 УПСВ №2, УПНПО, при проезде  Камаза по временно уложенной на поверхности земли трубе она соскользнув зажала правую ногу газорезчика находившегося рядом."
75,81,"ТОО ""Весенний Букет""",2.5,Во время осуществления погрузки подземного оборудования (штанги на полуприцеп авто-транспортного средства) стропальщик упал с площадки полуприцепа на землю.,81,"ТОО ""Гүл Шабыт""",2.0625,0.542975,"При проведении демонтажных работ трубопровода Ø219мм и толщиной 10 мм на участке №1, в процессе выполнения резки произошел внезапный отскок отрезанного участка трубы, который ударил газоэлектросварщика 5 разряда верхнюю часть левой голени."
75,75,"ТОО ""Весенний Букет""",2.5,Во время осуществления погрузки подземного оборудования (штанги на полуприцеп авто-транспортного средства) стропальщик упал с площадки полуприцепа на землю.,75,"ТОО ""Весенний Букет""",2.5,0.541092,"Слесарь-ремонтник проводил подготовку к сварочным работам резервного трубопровода (Ø530х12мм) между кормассами №8 и №11 на территории НГДУ-1. Во время осмотра трубопровода в траншее произошло обрушение грунта, в результате чего слесарь-ремонтник получил травму левой ноги."
75,223,"ТОО ""Весенний Букет""",2.5,Во время осуществления погрузки подземного оборудования (штанги на полуприцеп авто-транспортного средства) стропальщик упал с площадки полуприцепа на землю.,223,"ТОО ""Алма Гүл""",1.0909090909090908,0.520253,"На участке месторождения «Юго-Восточное Камышитовое» (НГДУ «Жайыкмунайгаз») около 11:20 час. старший инженер Атырауского филиала ТОО «КМГ Инжиниринг» Кадрешов Б. (30.06.1991г.), при подъеме по лестнице на печь подогрева ПТ-16/150, поскользнулся и упал. 
После проишествия уехали в город и обратились в городской травмпункт, где выявили травму."
82,41,"ТОО ""Роза Ветров KZ""",2.5,"26.03.2025 года, на трассе Атырау – Доссор на 31 км., при повороте на автодорогу ИГХК (в сторону завода KPI) произошло ДТП, с участием автобуса TOYOTA COASTER подрядной организации ТОО «ОмарАвто» и стороннего автотранспорта Лада «Vesta», В результате ДТП в автомобиле Lada Vesta погибли 3 человека, ещё 2 пассажира получили различные травмы и были госпитализированы. Кроме того, 3 работника подрядных организаций и 6 сотрудников ТОО «KPI Inc.» направлены на медицинский осмотр.",41,"ТОО ""Белая Магнолия""",,0.772542,"02.05.2025 года, примерно в 07 часов 12 минут, на участке автодороги между п. Доссор и г. Кульсары произошло дорожно-транспортное происшествие с участием автобуса марки Toyota Coaster, принадлежащего подрядной организации ТОО «NUR-TILEK TRANSSERVICE». Во время перевозки двух работников ТОО «KMG EP-Catering» из города Атырау автобус столкнулся с дорожной строительной техникой марки МТЗ-80, находившейся на правой стороне дороги. Пострадавших нет. В настоящее время устанавливаются причины и обстоятельства произошедшего. Проводится расследование."
82,189,"ТОО ""Роза Ветров KZ""",2.5,"26.03.2025 года, на трассе Атырау – Доссор на 31 км., при повороте на автодорогу ИГХК (в сторону завода KPI) произошло ДТП, с участием автобуса TOYOTA COASTER подрядной организации ТОО «ОмарАвто» и стороннего автотранспорта Лада «Vesta», В результате ДТП в автомобиле Lada Vesta погибли 3 человека, ещё 2 пассажира получили различные травмы и были госпитализированы. Кроме того, 3 работника подрядных организаций и 6 сотрудников ТОО «KPI Inc.» направлены на медицинский осмотр.",189,"ТОО ""Белая Магнолия""",,0.721668,"20 октября 2025 года примерно в 12:50 на перекрёстке улиц М. Утемисова и М. Галимова в городе Кульсары произошло дорожно-транспортное происшествие с участием легкового автомобиля марки Mitsubishi L200, принадлежащего ИП «Джанибеков Н.А.».
   Двигаясь по второстепенной дороге, автомобиль Mitsubishi L200 не уступил дорогу автомобилю Lada 2190, двигавшемуся по главной дороге — проспекту М.Утемисова, в результате чего произошло столкновение.
    В результате ДТП пострадавших нет. На место происшествия были вызваны инспектора департамента полиции. В настоящее время устанавливаются причины и обстоятельства дорожно-транспортного происшествия, проводится расследование."
82,191,"ТОО ""Роза Ветров KZ""",2.5,"26.03.2025 года, на трассе Атырау – Доссор на 31 км., при повороте на автодорогу ИГХК (в сторону завода KPI) произошло ДТП, с участием автобуса TOYOTA COASTER подрядной организации ТОО «ОмарАвто» и стороннего автотранспорта Лада «Vesta», В результате ДТП в автомобиле Lada Vesta погибли 3 человека, ещё 2 пассажира получили различные травмы и были госпитализированы. Кроме того, 3 работника подрядных организаций и 6 сотрудников ТОО «KPI Inc.» направлены на медицинский осмотр.",191,"ТОО ""Белая Магнолия""",,0.705623,"2025 жылғы 26 қазанда жобамен сағат 18:10 да  «Жылыоймұнайгаз» МГӨБ-на көлік қызметін көрсететін ЖК«Джанибеков Н.А» мекемесіне  тиесілі мем.номері 141РКА12  ТОЙОТА IAND CRUIZER 200    маркалы автокөлік Атырау қаласының іші жол қиылысында (Таумана Амандосова көшесі мен Габбаса Бергалиева көшелерінің қиылысы) маркасы  SUBARU автокөлігімен жол көлік оқиғасы орын алды. 141РКА12  ТОЙОТА IAND CRUIZER 200 автокөлігі  өз жолымен келе жатқанда, артқы жақ бөлігіне автокөлік түйісті."
82,190,"ТОО ""Роза Ветров KZ""",2.5,"26.03.2025 года, на трассе Атырау – Доссор на 31 км., при повороте на автодорогу ИГХК (в сторону завода KPI) произошло ДТП, с участием автобуса TOYOTA COASTER подрядной организации ТОО «ОмарАвто» и стороннего автотранспорта Лада «Vesta», В результате ДТП в автомобиле Lada Vesta погибли 3 человека, ещё 2 пассажира получили различные травмы и были госпитализированы. Кроме того, 3 работника подрядных организаций и 6 сотрудников ТОО «KPI Inc.» направлены на медицинский осмотр.",190,"ТОО ""Белая Магнолия""",,0.681236,"9 июня 2025 года примерно в 06:20 на перекрёстке проспектов К. Сатпаева и И. Тайманова в городе Атырау произошло дорожно-транспортное происшествие с участием автобуса марки Hyundai Universe, принадлежащего ТОО «NUR-TILEK TRANSSERVICE». В ходе поворота со второй полосы автобус столкнулся с микроавтобусом Toyota Hiace, выполнявшим поворот с первой полосы. В результате ДТП пострадавших нет."
82,123,"ТОО ""Роза Ветров KZ""",2.5,"26.03.2025 года, на трассе Атырау – Доссор на 31 км., при повороте на автодорогу ИГХК (в сторону завода KPI) произошло ДТП, с участием автобуса TOYOTA COASTER подрядной организации ТОО «ОмарАвто» и стороннего автотранспорта Лада «Vesta», В результате ДТП в автомобиле Lada Vesta погибли 3 человека, ещё 2 пассажира получили различные травмы и были госпитализированы. Кроме того, 3 работника подрядных организаций и 6 сотрудников ТОО «KPI Inc.» направлены на медицинский осмотр.",123,"ТОО ""Весенний Букет""",,0.64841,"Инцидент Жаңаөзен-Қарамандыбас бағытымен келе жатқан КамАЗ-43118 маркалы, мемлекеттік белгісі 594 АВ 12 арнайы техникасының №3 МГӨК-ке бұрылу кезінде жекеменшік Киа м/б 37 RD 797 (ARM) жеңіл көлігімен соқтығысу болған. Соқтығысу арнайы техниканың артқы дөңгелегі мен жеңіл көліктің бампері арасында орын алды."
82,215,"ТОО ""Роза Ветров KZ""",2.5,"26.03.2025 года, на трассе Атырау – Доссор на 31 км., при повороте на автодорогу ИГХК (в сторону завода KPI) произошло ДТП, с участием автобуса TOYOTA COASTER подрядной организации ТОО «ОмарАвто» и стороннего автотранспорта Лада «Vesta», В результате ДТП в автомобиле Lada Vesta погибли 3 человека, ещё 2 пассажира получили различные травмы и были госпитализированы. Кроме того, 3 работника подрядных организаций и 6 сотрудников ТОО «KPI Inc.» направлены на медицинский осмотр.",215,"ТОО ""Весенний Букет""",2.0476190476190474,0.603685,"26.01.2026 жылы сағат 18:30 шамасында Қоғамға қарасты №4 МГӨБ-ның №4 Қабат қысымын сақтау цехының бастық орынбасары М.Байтуров өзіне бөлінген «МұнайСпецСнабКомпани» ЖШС-ның маркасы Mitsubishi L-200 мемлекеттік нөмері 788 AER12 қызметтік көлігімен №4 МГӨЦ-ның қасындағы «Өзен – Қарамандыбас» тас жолында маркасы SHACMAN мемлекеттік нөмері 041MBZ12 жекеменшік соқтығысып, жол көлік оқиғасы орын алады. Дереу жолда келе жатқан басқа автокөліктер тоқтап, жедел жәрдем шақырады. «Жалымбетов» ЖШС-нің жедел - жәрдем келгенге дейін оқиға орнындағы адамдар М.Байтуровты және Н.Қамаловты көліктен шығарған. Оқиға орнына келген жедел - жәрдем М.Байтуровты жағдайы ауыр болуына байланысты, бірінші кезекте көмек көрсетіп, Жаңаөзен қаласының көпбейінді ауруханасына жеткізген. Нәтижесінде М.Байтуров Жаңаөзен қаласының көпбейінді ауруханасының қабылдау бөлімінде қайтыс болады."
82,101,"ТОО ""Роза Ветров KZ""",2.5,"26.03.2025 года, на трассе Атырау – Доссор на 31 км., при повороте на автодорогу ИГХК (в сторону завода KPI) произошло ДТП, с участием автобуса TOYOTA COASTER подрядной организации ТОО «ОмарАвто» и стороннего автотранспорта Лада «Vesta», В результате ДТП в автомобиле Lada Vesta погибли 3 человека, ещё 2 пассажира получили различные травмы и были госпитализированы. Кроме того, 3 работника подрядных организаций и 6 сотрудников ТОО «KPI Inc.» направлены на медицинский осмотр.",101,"ТОО ""Floraison KZ""",,0.603424,"11.06.2025г около 17:05ч мусоровоз КамАЗ, гос.№264AL12 под управлением водителя автоколонны №3 ТОО «БозашыТрансКурылыс» (подрядная организация ТОО «Ойл Транспорт Корпорейшэн») Шамединова Аманжана (1993 г.р.), двигаясь по автодороге Актау-Баянды в направлении полигона ТБО, совершал маневр поворота налево с главной дороги на второстепенную на нерегулируемом перекрестке. В это время двигавшийся сзади в попутном направлении автомобиль Шевроле Спарк, гос.№534AJB12 под управлением водителя Кийкбай Нурбек (2007 г.р.) совершил столкновение в заднюю часть завершавшего маневр автомобиля КамАЗ."
82,161,"ТОО ""Роза Ветров KZ""",2.5,"26.03.2025 года, на трассе Атырау – Доссор на 31 км., при повороте на автодорогу ИГХК (в сторону завода KPI) произошло ДТП, с участием автобуса TOYOTA COASTER подрядной организации ТОО «ОмарАвто» и стороннего автотранспорта Лада «Vesta», В результате ДТП в автомобиле Lada Vesta погибли 3 человека, ещё 2 пассажира получили различные травмы и были госпитализированы. Кроме того, 3 работника подрядных организаций и 6 сотрудников ТОО «KPI Inc.» направлены на медицинский осмотр.",161,"ТОО ""Весенний Букет""",,0.585531,"14.07.2025 жылы сағат 10-30-да 6-ші дәрежелі автоэкскаватор машинисі
Қамбарұлы Абдулхамит күнделікті жұмысқа келіп, жолдама қағазын алып
медициналық тексеруден өтіп, №3 МГӨБ, КНС-1 мекемесіне жұмысқа шыққан.
Сағат 10-30 шамасында №3 МГӨБ, КНС-1 өндірістік аймағында инцидент
болды, Автоэксковатор жүргізушісі автоэксковатор техникасынан оқыс құлап, оң аяғының тізе буынын ауыртып алған. Сол жердегі жұмысшылар жедел жәрдем шақыртып хабарлаған. Жаңаөзен қалалық көп бейінді ауруханасына алып кеткен. Кәзіргі таңда жарамсыздық парағын аштырудан бас тартып, кәзіргі таңда жұмысын жалғастыруда."
82,222,"ТОО ""Роза Ветров KZ""",2.5,"26.03.2025 года, на трассе Атырау – Доссор на 31 км., при повороте на автодорогу ИГХК (в сторону завода KPI) произошло ДТП, с участием автобуса TOYOTA COASTER подрядной организации ТОО «ОмарАвто» и стороннего автотранспорта Лада «Vesta», В результате ДТП в автомобиле Lada Vesta погибли 3 человека, ещё 2 пассажира получили различные травмы и были госпитализированы. Кроме того, 3 работника подрядных организаций и 6 сотрудников ТОО «KPI Inc.» направлены на медицинский осмотр.",222,"ТОО ""Flora Capital""",,0.580227,"15 января 2026 года в 16:24 на контрольно-пропускном пункте охраны ТКО №7 самосвал компании ТОО «Карьертау», движущийся по дороге Саяхат и являющийся подрядчиком (поставщиком инертных материалов) CCIC (EPC-подрядчик KMG Petrochem), при приближении к КПП №7 Тенгизшевройл (ТШО) задел своей кабиной другой самосвал, стоявший на противоположной полосе движения, а также повредил шлагбаум КПП, находившийся в закрытом положении и перекрывавший часть проезжей части. После этого самосвал продолжил движение и остановился в 72 метрах от шлагбаума.
Согласно данным видеонаблюдения, установленного на КПП №7, сотрудник охраны ТШО находился рядом с кабиной остановленного самосвала и проверял документы, удостоверяющие личность водителя, для подтверждения наличия доступа через КПП. Увидев приближающийся во встречном направлении самосвал, охранник вышел на полосу движения с указательным жезлом, пытаясь остановить транспортное средство.
Находясь на проезжей части около 15 секунд, охранник понял, что самосвал продолжает движение, и укрылся между двумя бетонными блоками физического ограждения КПП №7. Через 5 секунд после выхода на проезжую часть гружёный грунтом самосвал пересёк линию, где ранее находился охранник.
В результате ДТП обе машины получили незначительные повреждения кабины в местах соприкосновения (см. фото №1 и №2). Сотрудник охраны ТШО не получил травм"
82,42,"ТОО ""Роза Ветров KZ""",2.5,"26.03.2025 года, на трассе Атырау – Доссор на 31 км., при повороте на автодорогу ИГХК (в сторону завода KPI) произошло ДТП, с участием автобуса TOYOTA COASTER подрядной организации ТОО «ОмарАвто» и стороннего автотранспорта Лада «Vesta», В результате ДТП в автомобиле Lada Vesta погибли 3 человека, ещё 2 пассажира получили различные травмы и были госпитализированы. Кроме того, 3 работника подрядных организаций и 6 сотрудников ТОО «KPI Inc.» направлены на медицинский осмотр.",42,"ТОО ""Floraison KZ""",2.5,0.552512,"14.05.2025г. в 15:30ч слесарь по ремонту автомобилей подрядной организации ЧУ «Samruk Business Academy» (аутстаффинг) ТОО «Ойл Транспорт Корпорейшэн», в смотровой яме при выполнении работ по замене втулки задней рессоры на автобусе «Toyota Coaster» получил травму правого глаза в результате воздействия инструмента (отвертки)."
